Adm State,Admin Office,Field Office,Allotment Number,Allotment Name,Available For Grazing,Grazing Decision,Public Acres,Amp Text,Amp Implement Date,Management Stat Text,Auth No,Permitted Aums,Suspended Aums,Susp Use Temp
AZ,LLAZA01000,ARIZONA STRIP FO,00096,HERD HOUSE,Y,,"2,390",AMP IMPLEMENTED,11/01/1981,MAINTAIN CATEGORY,0201014,95,0,
AZ,LLAZA01000,ARIZONA STRIP FO,00097,TUCKUP,Y,,"16,276",,,MAINTAIN CATEGORY,0201965,"1,075",4,0
AZ,LLAZA01000,ARIZONA STRIP FO,00099,ROCK CANYON,Y,,"1,343",,,CUSTODIAL CATEGORY,0201955,126,67,0
AZ,LLAZA01000,ARIZONA STRIP FO,00114,HURRICANE RIM,Y,,"33,099",AMP IMPLEMENTED,08/30/1983,MAINTAIN CATEGORY,0201502,"3,424",347,
AZ,LLAZA01000,ARIZONA STRIP FO,00119,BIG WARREN,Y,,"9,647",AMP IMPLEMENTED,06/27/1991,IMPROVE CATEGORY,0200111,704,74,
AZ,LLAZA01000,ARIZONA STRIP FO,02012,LIME SPRING,Y,,"3,596",,,IMPROVE CATEGORY,,,,
AZ,LLAZA01000,ARIZONA STRIP FO,04804,WHITEROCK-SOAPSTONE,Y,,"18,284",AMP IMPLEMENTED,03/01/1971,MAINTAIN CATEGORY,0201013,660,,
AZ,LLAZA01000,ARIZONA STRIP FO,04804,WHITEROCK-SOAPSTONE,Y,,"18,284",AMP IMPLEMENTED,03/01/1971,MAINTAIN CATEGORY,0201959,660,0,0
AZ,LLAZA01000,ARIZONA STRIP FO,04805,COYOTE SPRING,Y,,"20,992",,,IMPROVE CATEGORY,0201014,"1,359",484,
AZ,LLAZA01000,ARIZONA STRIP FO,04808,MAINSTREET,Y,,"156,742",AMP IMPLEMENTED,07/01/1974,MAINTAIN CATEGORY,0201005,"14,535","3,482",
AZ,LLAZA01000,ARIZONA STRIP FO,04810,SULLIVAN CANYON,Y,,"21,523",AMP IMPLEMENTED,03/01/1976,IMPROVE CATEGORY,0200064,864,"1,115",
AZ,LLAZA01000,ARIZONA STRIP FO,04811,WOLFHOLE - CANYON SP,Y,,"33,685",AMP IMPLEMENTED,02/01/1985,IMPROVE CATEGORY,0201007,"1,867",791,
AZ,LLAZA01000,ARIZONA STRIP FO,04812,HIGHWAY WEST,Y,,"11,407",AMP IMPLEMENTED,02/01/1985,IMPROVE CATEGORY,0201069,200,60,
AZ,LLAZA01000,ARIZONA STRIP FO,04813,BLAKE POND,Y,,"20,415",AMP IMPLEMENTED,09/01/1983,MAINTAIN CATEGORY,0201022,"1,317",383,
AZ,LLAZA01000,ARIZONA STRIP FO,04814,LITTLE WOLF,Y,,"7,689",AMP IMPLEMENTED,07/01/1968,MAINTAIN CATEGORY,0202445,328,312,0
AZ,LLAZA01000,ARIZONA STRIP FO,04823,WOLFHOLE LAKE,Y,,"12,549",AMP IMPLEMENTED,02/01/1988,IMPROVE CATEGORY,0201022,928,,
AZ,LLAZA01000,ARIZONA STRIP FO,04824,MOUNTAIN SHEEP,Y,,"2,024",,,CUSTODIAL CATEGORY,0201957,96,0,0
AZ,LLAZA01000,ARIZONA STRIP FO,04827,LITTLEFIELD COMM.,Y,,"71,854",,,IMPROVE CATEGORY,0201749,"2,615","1,722",0
AZ,LLAZA01000,ARIZONA STRIP FO,04828,BEAVER DAM SLOPE,Y,,"30,623",AMP IMPLEMENTED,04/01/1968,MAINTAIN CATEGORY,0201027,310,64,
AZ,LLAZA01000,ARIZONA STRIP FO,04828,BEAVER DAM SLOPE,Y,,"30,623",AMP IMPLEMENTED,04/01/1968,MAINTAIN CATEGORY,0201028,139,30,
AZ,LLAZA01000,ARIZONA STRIP FO,04828,BEAVER DAM SLOPE,Y,,"30,623",AMP IMPLEMENTED,04/01/1968,MAINTAIN CATEGORY,0201072,448,46,
AZ,LLAZA01000,ARIZONA STRIP FO,04830,JACKSON TANK,Y,,"8,013",AMP IMPLEMENTED,08/01/1967,MAINTAIN CATEGORY,0201030,857,124,
AZ,LLAZA01000,ARIZONA STRIP FO,04831,PURGATORY,Y,,"4,970",AMP IMPLEMENTED,01/01/1988,IMPROVE CATEGORY,0202445,318,68,0
AZ,LLAZA01000,ARIZONA STRIP FO,04832,MESQUITE COMMUNITY,Y,,"38,073",AMP IMPLEMENTED,03/01/1983,IMPROVE CATEGORY,0201087,"2,406",153,
AZ,LLAZA01000,ARIZONA STRIP FO,04833,DIAMOND BUTTE,Y,,"3,536",,,IMPROVE CATEGORY,0201039,395,13,
AZ,LLAZA01000,ARIZONA STRIP FO,04834,IVERSON,Y,,535,,,CUSTODIAL CATEGORY,0201040,61,3,
AZ,LLAZA01000,ARIZONA STRIP FO,04837,LOWER HURRICANE,Y,,"23,526",AMP IMPLEMENTED,02/01/1972,IMPROVE CATEGORY,0201053,"2,316","1,109",
AZ,LLAZA01000,ARIZONA STRIP FO,04837,LOWER HURRICANE,Y,,"23,526",AMP IMPLEMENTED,02/01/1972,IMPROVE CATEGORY,0202274,"2,316","1,109",0
AZ,LLAZA01000,ARIZONA STRIP FO,04838,LAMBING-STARVATION,Y,,"10,913",AMP IMPLEMENTED,03/01/1990,MAINTAIN CATEGORY,0201959,471,57,0
AZ,LLAZA01000,ARIZONA STRIP FO,04839,WOLFHOLE MOUNTAIN,Y,,"6,699",AMP IMPLEMENTED,03/01/1982,MAINTAIN CATEGORY,0201959,315,109,0
AZ,LLAZA01000,ARIZONA STRIP FO,04840,POCUM TANK,Y,,"8,212",AMP IMPLEMENTED,03/01/1982,MAINTAIN CATEGORY,0201960,494,162,0
AZ,LLAZA01000,ARIZONA STRIP FO,04841,BLACK ROCK,Y,,"36,392",AMP IMPLEMENTED,10/01/1979,IMPROVE CATEGORY,0201002,"1,565","1,404",0
AZ,LLAZA01000,ARIZONA STRIP FO,04842,CEDAR WASH,Y,,"11,913",AMP IMPLEMENTED,01/01/1981,IMPROVE CATEGORY,0200096,333,228,
AZ,LLAZA01000,ARIZONA STRIP FO,04843,LITTLEFIELD,Y,,"2,097",,,IMPROVE CATEGORY,0201749,119,40,0
AZ,LLAZA01000,ARIZONA STRIP FO,04844,MORMON WELL,Y,,"12,892",,,IMPROVE CATEGORY,0201071,361,113,
AZ,LLAZA01000,ARIZONA STRIP FO,04844,MORMON WELL,Y,,"12,892",,,IMPROVE CATEGORY,0201086,59,19,
AZ,LLAZA01000,ARIZONA STRIP FO,04845,CLAY SPRING,Y,,"11,921",AMP IMPLEMENTED,06/01/1971,MAINTAIN CATEGORY,0201887,"1,207",0,0
AZ,LLAZA01000,ARIZONA STRIP FO,04853,LITTLE TANK,Y,,"4,356",AMP IMPLEMENTED,02/01/1972,MAINTAIN CATEGORY,0201005,693,0,0
AZ,LLAZA01000,ARIZONA STRIP FO,04856,QUAIL CANYON,Y,,"15,784",AMP IMPLEMENTED,01/01/1982,MAINTAIN CATEGORY,0200097,808,0,
AZ,LLAZA01000,ARIZONA STRIP FO,04857,LIZARD,Y,,"4,198",AMP IMPLEMENTED,08/01/1982,MAINTAIN CATEGORY,0201022,210,,
AZ,LLAZA01000,ARIZONA STRIP FO,04858,IVANPAH,Y,,"12,997",AMP IMPLEMENTED,02/01/1972,MAINTAIN CATEGORY,0201005,601,488,0
AZ,LLAZA01000,ARIZONA STRIP FO,04859,MUSTANG SPRING,Y,,"9,308",,,IMPROVE CATEGORY,0202232,491,75,0
AZ,LLAZA01000,ARIZONA STRIP FO,04861,TOQUER TANK,Y,,"11,785",AMP IMPLEMENTED,02/01/1972,MAINTAIN CATEGORY,0201958,"1,801",0,0
AZ,LLAZA01000,ARIZONA STRIP FO,04862,PAT'S POND,Y,,640,,,CUSTODIAL CATEGORY,0201019,60,9,
AZ,LLAZA01000,ARIZONA STRIP FO,04863,SUNSHINE,Y,,"17,522",AMP IMPLEMENTED,06/01/1971,IMPROVE CATEGORY,0201887,"1,416",0,0
AZ,LLAZA01000,ARIZONA STRIP FO,04866,CEDAR POCKETS UT,Y,,"11,256",AMP IMPLEMENTED,02/01/1985,IMPROVE CATEGORY,0201069,375,,
AZ,LLAZA01000,ARIZONA STRIP FO,04867,HAT KNOLL,Y,,"3,160",AMP IMPLEMENTED,02/01/1972,IMPROVE CATEGORY,0201044,500,,
AZ,LLAZA01000,ARIZONA STRIP FO,04867,HAT KNOLL,Y,,"3,160",AMP IMPLEMENTED,02/01/1972,IMPROVE CATEGORY,0202275,500,0,0
AZ,LLAZA01000,ARIZONA STRIP FO,04871,POCUM,Y,,"13,006",AMP IMPLEMENTED,03/01/1997,MAINTAIN CATEGORY,0201069,813,49,
AZ,LLAZA01000,ARIZONA STRIP FO,05202,GLAZIER DAM,Y,,"6,787",AMP IMPLEMENTED,04/01/1982,MAINTAIN CATEGORY,0202201,571,0,0
AZ,LLAZA01000,ARIZONA STRIP FO,05205,CANAAN GAP,Y,,"5,460",AMP IMPLEMENTED,03/01/1982,IMPROVE CATEGORY,0201535,279,42,0
AZ,LLAZA01000,ARIZONA STRIP FO,05206,ANTELOPE,Y,,"14,390",AMP IMPLEMENTED,09/30/1983,MAINTAIN CATEGORY,0201516,"1,227",370,
AZ,LLAZA01000,ARIZONA STRIP FO,05207,ATKIN WELL,Y,,"25,220",AMP IMPLEMENTED,01/01/1991,IMPROVE CATEGORY,0201530,"2,339",454,
AZ,LLAZA01000,ARIZONA STRIP FO,05207,ATKIN WELL,Y,,"25,220",AMP IMPLEMENTED,01/01/1991,IMPROVE CATEGORY,0202342,"1,831",359,0
AZ,LLAZA01000,ARIZONA STRIP FO,05207,ATKIN WELL,Y,,"25,220",AMP IMPLEMENTED,01/01/1991,IMPROVE CATEGORY,0202345,508,95,0
AZ,LLAZA01000,ARIZONA STRIP FO,05208,WELLS,Y,,"5,566",CMP IMPLEMENTED,03/01/2000,MAINTAIN CATEGORY,0201952,310,232,0
AZ,LLAZA01000,ARIZONA STRIP FO,05209,COTTONWOOD,Y,,"3,520",CMP IMPLEMENTED,03/01/2000,MAINTAIN CATEGORY,0201564,169,13,0
AZ,LLAZA01000,ARIZONA STRIP FO,05209,COTTONWOOD,Y,,"3,520",CMP IMPLEMENTED,03/01/2000,MAINTAIN CATEGORY,0201565,169,13,0
AZ,LLAZA01000,ARIZONA STRIP FO,05210,ANTELOPE SPRING,Y,,"14,940",,,IMPROVE CATEGORY,0200105,"1,157",12,
AZ,LLAZA01000,ARIZONA STRIP FO,05212,CANE BEDS,Y,,"12,105",AMP IMPLEMENTED,09/01/1983,MAINTAIN CATEGORY,0201500,218,1,0
AZ,LLAZA01000,ARIZONA STRIP FO,05212,CANE BEDS,Y,,"12,105",AMP IMPLEMENTED,09/01/1983,MAINTAIN CATEGORY,0201505,159,0,0
AZ,LLAZA01000,ARIZONA STRIP FO,05213,ROCK POCKETS,Y,,"19,830",AMP IMPLEMENTED,09/01/1982,MAINTAIN CATEGORY,0201234,943,0,0
AZ,LLAZA01000,ARIZONA STRIP FO,05213,ROCK POCKETS,Y,,"19,830",AMP IMPLEMENTED,09/01/1982,MAINTAIN CATEGORY,0201235,701,0,0
AZ,LLAZA01000,ARIZONA STRIP FO,05213,ROCK POCKETS,Y,,"19,830",AMP IMPLEMENTED,09/01/1982,MAINTAIN CATEGORY,0201547,115,,
AZ,LLAZA01000,ARIZONA STRIP FO,05214,FLAT TOP WELL,Y,,"8,625",AMP IMPLEMENTED,03/01/1987,IMPROVE CATEGORY,0201516,874,4,
AZ,LLAZA01000,ARIZONA STRIP FO,05215,CLAYHOLE,Y,,"102,937",AMP IMPLEMENTED,12/01/1972,IMPROVE CATEGORY,0200102,"9,378","1,316",
AZ,LLAZA01000,ARIZONA STRIP FO,05216,TEMPLE TRAIL,Y,,"21,812",AMP IMPLEMENTED,03/01/1987,IMPROVE CATEGORY,0201502,"1,185",50,
AZ,LLAZA01000,ARIZONA STRIP FO,05216,TEMPLE TRAIL,Y,,"21,812",AMP IMPLEMENTED,03/01/1987,IMPROVE CATEGORY,0201525,"1,185",50,0
AZ,LLAZA01000,ARIZONA STRIP FO,05217,FERN TANK,Y,,"48,269",AMP IMPLEMENTED,02/01/1975,IMPROVE CATEGORY,0201937,"4,806","1,064",0
AZ,LLAZA01000,ARIZONA STRIP FO,05219,CROSBY TANK,Y,,"10,187",AMP IMPLEMENTED,08/02/1985,IMPROVE CATEGORY,0201503,470,266,
AZ,LLAZA01000,ARIZONA STRIP FO,05221,JUNE TANK,Y,,"111,316",AMP IMPLEMENTED,03/01/1974,IMPROVE CATEGORY,0201520,"8,206","4,310",
AZ,LLAZA01000,ARIZONA STRIP FO,05223,WILDBAND,Y,,"37,451",AMP IMPLEMENTED,07/01/1982,IMPROVE CATEGORY,0201956,"3,802",85,0
AZ,LLAZA01000,ARIZONA STRIP FO,05224,KANAB GULCH,Y,,"4,260",,,CUSTODIAL CATEGORY,0201544,143,67,0
AZ,LLAZA01000,ARIZONA STRIP FO,05225,GRAMMA SPRING,Y,,"4,495",AMP IMPLEMENTED,10/15/1992,CUSTODIAL CATEGORY,0201521,180,53,
AZ,LLAZA01000,ARIZONA STRIP FO,05225,GRAMMA SPRING,Y,,"4,495",AMP IMPLEMENTED,10/15/1992,CUSTODIAL CATEGORY,0201531,180,53,
AZ,LLAZA01000,ARIZONA STRIP FO,05227,HACKS,Y,,"4,250",AMP IMPLEMENTED,09/01/1982,CUSTODIAL CATEGORY,0201539,247,176,
AZ,LLAZA01000,ARIZONA STRIP FO,05230,GULCH,Y,,"3,400",,,CUSTODIAL CATEGORY,0201531,96,80,
AZ,LLAZA01000,ARIZONA STRIP FO,05232,HEAD OF HACKS,Y,,"29,490",AMP IMPLEMENTED,08/30/1992,IMPROVE CATEGORY,0201521,"2,664",641,
AZ,LLAZA01000,ARIZONA STRIP FO,05233,GRAMA POINT,Y,,"23,265",AMP IMPLEMENTED,11/01/1983,MAINTAIN CATEGORY,0201900,826,0,0
AZ,LLAZA01000,ARIZONA STRIP FO,05234,VALLEY WASH,Y,,"3,835",AMP IMPLEMENTED,03/01/1985,MAINTAIN CATEGORY,0201523,328,,
AZ,LLAZA01000,ARIZONA STRIP FO,05236,SCOTTIES SEEP,Y,,"6,783",AMP IMPLEMENTED,03/01/1985,IMPROVE CATEGORY,0201524,710,1,
AZ,LLAZA01000,ARIZONA STRIP FO,05237,MOONSHINE,Y,,"9,725",AMP IMPLEMENTED,11/18/1986,MAINTAIN CATEGORY,0201526,212,58,0
AZ,LLAZA01000,ARIZONA STRIP FO,05237,MOONSHINE,Y,,"9,725",AMP IMPLEMENTED,11/18/1986,MAINTAIN CATEGORY,0201949,612,117,0
AZ,LLAZA01000,ARIZONA STRIP FO,05238,HARRIS WELL,Y,,"2,640",AMP IMPLEMENTED,08/30/1977,CUSTODIAL CATEGORY,0201546,270,0,0
AZ,LLAZA01000,ARIZONA STRIP FO,05241,POINT OF ROCK,Y,,"6,261",,,MAINTAIN CATEGORY,0201502,328,88,
AZ,LLAZA01000,ARIZONA STRIP FO,05241,POINT OF ROCK,Y,,"6,261",,,MAINTAIN CATEGORY,0201821,59,0,0
AZ,LLAZA01000,ARIZONA STRIP FO,05242,PIPE VALLEY,Y,,"4,463",,,MAINTAIN CATEGORY,0201522,412,49,
AZ,LLAZA01000,ARIZONA STRIP FO,05243,WHITE POCKETS,Y,,"3,450",,,MAINTAIN CATEGORY,0200910,324,0,0
AZ,LLAZA01000,ARIZONA STRIP FO,05243,WHITE POCKETS,Y,,"3,450",,,MAINTAIN CATEGORY,0201530,96,0,
AZ,LLAZA01000,ARIZONA STRIP FO,05243,WHITE POCKETS,Y,,"3,450",,,MAINTAIN CATEGORY,0202342,96,0,0
AZ,LLAZA01000,ARIZONA STRIP FO,05244,STATE LINE,Y,,605,CMP IMPLEMENTED,03/01/2000,CUSTODIAL CATEGORY,0202184,29,0,0
AZ,LLAZA01000,ARIZONA STRIP FO,05245,JOE,Y,,320,,,CUSTODIAL CATEGORY,0201528,24,,
AZ,LLAZA01000,ARIZONA STRIP FO,05246,FERRIN,Y,,"2,820",,,CUSTODIAL CATEGORY,0201513,120,152,
AZ,LLAZA01000,ARIZONA STRIP FO,05247,SUNSHINE TANK,Y,,"7,140",AMP IMPLEMENTED,09/27/1982,IMPROVE CATEGORY,0201606,752,52,
AZ,LLAZA01000,ARIZONA STRIP FO,05248,SWAPP TANK,Y,,"9,373",AMP IMPLEMENTED,03/01/1987,MAINTAIN CATEGORY,0201541,958,22,
AZ,LLAZA01000,ARIZONA STRIP FO,05251,HURRICANE CLIFF,Y,,"5,040",,,MAINTAIN CATEGORY,0201525,157,36,0
AZ,LLAZA01000,ARIZONA STRIP FO,05251,HURRICANE CLIFF,Y,,"5,040",,,MAINTAIN CATEGORY,0202456,307,80,0
AZ,LLAZA01000,ARIZONA STRIP FO,05253,HOMESTEAD,Y,,"8,625",AMP IMPLEMENTED,03/24/1997,IMPROVE CATEGORY,0201516,654,434,
AZ,LLAZA01000,ARIZONA STRIP FO,05256,BLACK CANYON,Y,,"2,160",AMP IMPLEMENTED,02/16/1990,MAINTAIN CATEGORY,0201527,243,3,0
AZ,LLAZA01000,ARIZONA STRIP FO,05257,LAMB TANK,Y,,"6,990",AMP IMPLEMENTED,01/01/1982,MAINTAIN CATEGORY,0201532,423,395,
AZ,LLAZA01000,ARIZONA STRIP FO,05260,LOCO POINT,Y,,"5,720",AMP IMPLEMENTED,11/27/1992,IMPROVE CATEGORY,0201521,535,,
AZ,LLAZA01000,ARIZONA STRIP FO,05263,YELLOWSTONE,Y,,"8,311",AMP IMPLEMENTED,12/01/1972,IMPROVE CATEGORY,0200111,299,34,
AZ,LLAZA01000,ARIZONA STRIP FO,05263,YELLOWSTONE,Y,,"8,311",AMP IMPLEMENTED,12/01/1972,IMPROVE CATEGORY,0201509,299,34,
AZ,LLAZA01000,ARIZONA STRIP FO,05263,YELLOWSTONE,Y,,"8,311",AMP IMPLEMENTED,12/01/1972,IMPROVE CATEGORY,0201512,299,34,
AZ,LLAZA01000,ARIZONA STRIP FO,05264,BLACK KNOLLS,Y,,"14,125",AMP IMPLEMENTED,12/01/1972,IMPROVE CATEGORY,0201509,"1,338",152,
AZ,LLAZA01000,ARIZONA STRIP FO,05270,SHORT CREEK,Y,,"2,233",AMP IMPLEMENTED,03/01/1993,CUSTODIAL CATEGORY,0201509,252,,
AZ,LLAZA01000,ARIZONA STRIP FO,05271,LANE,Y,,640,,,CUSTODIAL CATEGORY,0201502,54,,
AZ,LLAZA01000,ARIZONA STRIP FO,05301,SHINARUMP,Y,,"1,100",,,CUSTODIAL CATEGORY,0201614,40,1,
AZ,LLAZA01000,ARIZONA STRIP FO,05302,BROWN-SHUMWAY,Y,,"1,477",AMP IMPLEMENTED,05/01/1984,MAINTAIN CATEGORY,0201644,114,42,
AZ,LLAZA01000,ARIZONA STRIP FO,05303,CEDAR RIDGE,Y,,"1,420",AMP IMPLEMENTED,02/01/1982,CUSTODIAL CATEGORY,0202183,78,54,0
AZ,LLAZA01000,ARIZONA STRIP FO,05305,RIDER,Y,,"2,410",AMP IMPLEMENTED,06/01/1982,MAINTAIN CATEGORY,0201622,108,111,
AZ,LLAZA01000,ARIZONA STRIP FO,05307,CHATTERLY,Y,,"4,170",AMP IMPLEMENTED,03/01/1983,IMPROVE CATEGORY,0201625,323,61,
AZ,LLAZA01000,ARIZONA STRIP FO,05308,BUTTON,Y,,"4,500",AMP IMPLEMENTED,11/01/1981,CUSTODIAL CATEGORY,0201626,277,159,
AZ,LLAZA01000,ARIZONA STRIP FO,05309,HIGHWAY EAST,Y,,"13,010",AMP IMPLEMENTED,03/01/1983,CUSTODIAL CATEGORY,0202127,429,0,0
AZ,LLAZA01000,ARIZONA STRIP FO,05310,COWBOY BUTTE,Y,,"2,760",AMP IMPLEMENTED,05/01/1975,MAINTAIN CATEGORY,0200116,184,0,
AZ,LLAZA01000,ARIZONA STRIP FO,05311,SAGE,Y,,"3,380",AMP IMPLEMENTED,06/21/1977,CUSTODIAL CATEGORY,0201600,243,33,0
AZ,LLAZA01000,ARIZONA STRIP FO,05313,MUGGINS FLAT,Y,,"11,088",AMP IMPLEMENTED,10/01/1981,IMPROVE CATEGORY,0201636,305,487,
AZ,LLAZA01000,ARIZONA STRIP FO,05314,PRATT TANK,Y,,"21,905",AMP IMPLEMENTED,02/01/1982,MAINTAIN CATEGORY,0201609,800,147,
AZ,LLAZA01000,ARIZONA STRIP FO,05315,SHUTTLEWORTH,Y,,"9,437",AMP IMPLEMENTED,03/01/1983,MAINTAIN CATEGORY,0201606,661,280,
AZ,LLAZA01000,ARIZONA STRIP FO,05316,LOST SPRING GAP,Y,,790,AMP IMPLEMENTED,06/15/1992,CUSTODIAL CATEGORY,0200054,48,24,
AZ,LLAZA01000,ARIZONA STRIP FO,05317,JACOB CANYON,Y,,"3,200",AMP IMPLEMENTED,09/27/1982,MAINTAIN CATEGORY,0201519,74,0,0
AZ,LLAZA01000,ARIZONA STRIP FO,05318,CEDAR KNOLL,Y,,"17,951",AMP IMPLEMENTED,05/01/1973,MAINTAIN CATEGORY,0201604,720,780,
AZ,LLAZA01000,ARIZONA STRIP FO,05319,ROCK CANYON TANK,Y,,"21,990",AMP IMPLEMENTED,09/01/1981,IMPROVE CATEGORY,0201600,891,691,0
AZ,LLAZA01000,ARIZONA STRIP FO,05320,GUNSIGHT,Y,,"7,230",AMP IMPLEMENTED,10/01/1983,IMPROVE CATEGORY,0201607,425,135,
AZ,LLAZA01000,ARIZONA STRIP FO,05321,KANAB CREEK,Y,,"4,260",AMP IMPLEMENTED,11/27/1992,CUSTODIAL CATEGORY,0201951,168,86,0
AZ,LLAZA01000,ARIZONA STRIP FO,05322,PIGEON TANK,Y,,"10,825",AMP IMPLEMENTED,03/01/1987,IMPROVE CATEGORY,0202490,55,0,0
AZ,LLAZA01000,ARIZONA STRIP FO,05323,SUICIDE,Y,,"4,830",AMP IMPLEMENTED,09/28/1981,IMPROVE CATEGORY,0201885,220,0,0
AZ,LLAZA01000,ARIZONA STRIP FO,05324,FULLER ROAD,Y,,"24,333",AMP IMPLEMENTED,10/01/1981,IMPROVE CATEGORY,0201916,521,0,0
AZ,LLAZA01000,ARIZONA STRIP FO,05325,FRANKS RESERVOIR,Y,,"6,589",AMP IMPLEMENTED,08/17/1984,IMPROVE CATEGORY,0201916,103,0,0
AZ,LLAZA01000,ARIZONA STRIP FO,05327,COYOTE,Y,,"29,531",AMP IMPLEMENTED,09/01/1983,IMPROVE CATEGORY,0201790,"2,060","1,699",0
AZ,LLAZA01000,ARIZONA STRIP FO,05330,JOHNSON RUN,Y,,"8,243",AMP IMPLEMENTED,11/18/1986,MAINTAIN CATEGORY,0201519,253,0,0
AZ,LLAZA01000,ARIZONA STRIP FO,05331,HOUSE ROCK,Y,,"16,909",AMP IMPLEMENTED,12/01/1972,IMPROVE CATEGORY,0201632,"1,350",366,
AZ,LLAZA01000,ARIZONA STRIP FO,05331,HOUSE ROCK,Y,,"16,909",AMP IMPLEMENTED,12/01/1972,IMPROVE CATEGORY,0201633,405,176,
AZ,LLAZA01000,ARIZONA STRIP FO,05332,SOAP CREEK,Y,,"116,592",AMP IMPLEMENTED,08/01/1983,IMPROVE CATEGORY,0200145,"6,945","4,543",
AZ,LLAZA01000,ARIZONA STRIP FO,05334,BEANHOLE WELL,Y,,"18,960",AMP IMPLEMENTED,12/01/1981,IMPROVE CATEGORY,0201621,"1,314","1,457",
AZ,LLAZA01000,ARIZONA STRIP FO,05341,BADGER CREEK,Y,,"6,272",AMP IMPLEMENTED,08/01/1982,MAINTAIN CATEGORY,0200145,93,131,
AZ,LLAZA01000,ARIZONA STRIP FO,05345,ROCK RESERVOIR,Y,,"1,105",AMP IMPLEMENTED,08/17/1984,IMPROVE CATEGORY,0201916,9,0,0
AZ,LLAZA01000,ARIZONA STRIP FO,05348,NAVAJO WELLS UT,Y,,"6,736",AMP IMPLEMENTED,10/01/1981,MAINTAIN CATEGORY,0201916,210,0,0
AZ,LLAZA01000,ARIZONA STRIP FO,05349,WHITE SAGE,Y,,"11,010",AMP IMPLEMENTED,12/01/1974,IMPROVE CATEGORY,0202490,84,0,0
AZ,LLAZA02000,VERMILION CLIFFS NM,04847,BUNTING WELL,Y,,"25,183",AMP IMPLEMENTED,03/01/1984,MAINTAIN CATEGORY,0200030,"1,320",0,
AZ,LLAZA02000,VERMILION CLIFFS NM,05328,SAND HILLS,Y,,"186,082",AMP IMPLEMENTED,01/14/1991,IMPROVE CATEGORY,0200145,"15,081","3,376",
AZ,LLAZA02000,VERMILION CLIFFS NM,05336,FERRY SWALE,Y,,"18,200",AMP IMPLEMENTED,04/16/1992,MAINTAIN CATEGORY,0201618,"1,677",813,
AZ,LLAZA02000,VERMILION CLIFFS NM,05340,WAHWEAP,Y,,,,,CUSTODIAL CATEGORY,0201608,276,372,
AZ,LLAZA02000,VERMILION CLIFFS NM,05350,SIGNATURE ROCK,Y,,"3,840",AMP IMPLEMENTED,04/01/1974,IMPROVE CATEGORY,0201646,382,93,
AZ,LLAZA03000,GRAND CANYON/PARASHANT NM,04800,PAKOON SPRINGS,Y,,"21,489",,,IMPROVE CATEGORY,,,,
AZ,LLAZA03000,GRAND CANYON/PARASHANT NM,04801,JUMP CANYON,Y,,"25,018",AMP IMPLEMENTED,10/01/1982,IMPROVE CATEGORY,0200103,638,145,
AZ,LLAZA03000,GRAND CANYON/PARASHANT NM,04801,JUMP CANYON,Y,,"25,018",AMP IMPLEMENTED,10/01/1982,IMPROVE CATEGORY,0201001,409,93,
AZ,LLAZA03000,GRAND CANYON/PARASHANT NM,04801,JUMP CANYON,Y,,"25,018",AMP IMPLEMENTED,10/01/1982,IMPROVE CATEGORY,0201052,816,185,
AZ,LLAZA03000,GRAND CANYON/PARASHANT NM,04802,PAKOON,Y,,"56,040",AMP IMPLEMENTED,06/01/1984,MAINTAIN CATEGORY,0201023,"1,055",145,0
AZ,LLAZA03000,GRAND CANYON/PARASHANT NM,04802,PAKOON,Y,,"56,040",AMP IMPLEMENTED,06/01/1984,MAINTAIN CATEGORY,0201057,569,78,
AZ,LLAZA03000,GRAND CANYON/PARASHANT NM,04803,HIDDEN SPRING,Y,,"18,780",,,IMPROVE CATEGORY,0202367,"1,256",631,0
AZ,LLAZA03000,GRAND CANYON/PARASHANT NM,04806,RED POND,Y,,"55,055",AMP IMPLEMENTED,01/20/2000,MAINTAIN CATEGORY,0201057,"2,793","3,334",
AZ,LLAZA03000,GRAND CANYON/PARASHANT NM,04809,COTTONWOOD,Y,,"33,232",AMP IMPLEMENTED,01/01/1982,IMPROVE CATEGORY,0201006,"1,867",472,
AZ,LLAZA03000,GRAND CANYON/PARASHANT NM,04815,LAST CHANCE,Y,,"9,084",AMP IMPLEMENTED,11/01/1984,MAINTAIN CATEGORY,0201966,609,346,0
AZ,LLAZA03000,GRAND CANYON/PARASHANT NM,04816,SULLIVAN TANK,Y,,"13,811",AMP IMPLEMENTED,06/16/1990,MAINTAIN CATEGORY,0201074,456,518,0
AZ,LLAZA03000,GRAND CANYON/PARASHANT NM,04817,IMLAY,Y,,"15,736",AMP IMPLEMENTED,04/03/1990,IMPROVE CATEGORY,0201074,734,646,0
AZ,LLAZA03000,GRAND CANYON/PARASHANT NM,04818,DRIPPING SPRING,Y,,"1,082",AMP IMPLEMENTED,09/01/1982,MAINTAIN CATEGORY,0201058,280,227,0
AZ,LLAZA03000,GRAND CANYON/PARASHANT NM,04818,DRIPPING SPRING,Y,,"1,082",AMP IMPLEMENTED,09/01/1982,MAINTAIN CATEGORY,0201808,168,136,0
AZ,LLAZA03000,GRAND CANYON/PARASHANT NM,04819,LINK SPRING,Y,,"27,589",AMP IMPLEMENTED,03/26/1996,IMPROVE CATEGORY,0201581,"1,094",685,0
AZ,LLAZA03000,GRAND CANYON/PARASHANT NM,04820,DUNCAN TANK,Y,,"5,597",AMP IMPLEMENTED,04/01/1972,MAINTAIN CATEGORY,0202093,429,154,
AZ,LLAZA03000,GRAND CANYON/PARASHANT NM,04821,MULE CANYON,Y,,"1,162",AMP IMPLEMENTED,09/01/1982,MAINTAIN CATEGORY,0201017,585,887,
AZ,LLAZA03000,GRAND CANYON/PARASHANT NM,04822,BELNAP WEST,Y,,"3,394",AMP IMPLEMENTED,09/01/1982,MAINTAIN CATEGORY,0200073,204,135,
AZ,LLAZA03000,GRAND CANYON/PARASHANT NM,04825,HIDDEN HILLS,Y,,"44,933",AMP IMPLEMENTED,02/01/1985,IMPROVE CATEGORY,0201023,"1,907",,
AZ,LLAZA03000,GRAND CANYON/PARASHANT NM,04826,MT TRUMBULL,Y,,"13,210",AMP IMPLEMENTED,01/01/1970,MAINTAIN CATEGORY,0202287,"1,558",352,0
AZ,LLAZA03000,GRAND CANYON/PARASHANT NM,04829,PARASHANT AMP,Y,,"52,923",AMP IMPLEMENTED,01/01/1974,MAINTAIN CATEGORY,,,,
AZ,LLAZA03000,GRAND CANYON/PARASHANT NM,04835,MOSBY,Y,,"1,185",AMP IMPLEMENTED,03/01/1983,CUSTODIAL CATEGORY,0201890,82,28,0
AZ,LLAZA03000,GRAND CANYON/PARASHANT NM,04836,MOSBY-NAY,Y,,"30,823",AMP IMPLEMENTED,07/01/1983,IMPROVE CATEGORY,0202106,"1,153",526,
AZ,LLAZA03000,GRAND CANYON/PARASHANT NM,04848,PA'S POCKET,Y,,"8,087",AMP IMPLEMENTED,03/01/2000,IMPROVE CATEGORY,0201062,479,164,
AZ,LLAZA03000,GRAND CANYON/PARASHANT NM,04849,BELNAP,Y,,"7,397",AMP IMPLEMENTED,11/22/2005,IMPROVE CATEGORY,0200084,534,180,
AZ,LLAZA03000,GRAND CANYON/PARASHANT NM,04850,MUD AND CANE SPRING,Y,,"81,910",,,IMPROVE CATEGORY,0201048,"4,716",462,
AZ,LLAZA03000,GRAND CANYON/PARASHANT NM,04851,TASSI,N,CLOSED - LUP DECISION,"61,967",AMP IMPLEMENTED,06/01/1982,IMPROVE CATEGORY,,,,
AZ,LLAZA03000,GRAND CANYON/PARASHANT NM,04852,PENN'S WELL,Y,,"4,225",AMP IMPLEMENTED,09/01/1982,MAINTAIN CATEGORY,0201058,299,0,0
AZ,LLAZA03000,GRAND CANYON/PARASHANT NM,04854,WILDCAT,Y,,"91,203",AMP IMPLEMENTED,03/01/1985,IMPROVE CATEGORY,0201022,"4,969","2,090",0
AZ,LLAZA03000,GRAND CANYON/PARASHANT NM,04870,BIG SPRING PIPELINE,Y,,"42,186",AMP IMPLEMENTED,03/01/1981,MAINTAIN CATEGORY,0201008,"2,557","1,429",
AZ,LLAZA03000,GRAND CANYON/PARASHANT NM,05218,MT. LOGAN,Y,,"18,996",AMP IMPLEMENTED,11/01/1985,IMPROVE CATEGORY,0201510,930,519,
AZ,LLAZA03000,GRAND CANYON/PARASHANT NM,05220,TUWEEP,Y,,"38,326",AMP IMPLEMENTED,03/02/1992,IMPROVE CATEGORY,,,,
AZ,LLAZC01000,KINGMAN FO,00001,ALAMO CROSSING,Y,,"19,508",,,IMPROVE CATEGORY,0201092,1,,
AZ,LLAZC01000,KINGMAN FO,00002,ARRASTRA,Y,,"24,050",,,IMPROVE CATEGORY,0202001,"1,995",0,0
AZ,LLAZC01000,KINGMAN FO,00003,ARTILLERY RANGE,Y,,"76,171",,,IMPROVE CATEGORY,0202002,"1,646","2,370",0
AZ,LLAZC01000,KINGMAN FO,00004,CANYON RANCH UNIT B,Y,,596,AMP IMPLEMENTED,03/01/1983,CUSTODIAL CATEGORY,0202016,38,0,
AZ,LLAZC01000,KINGMAN FO,00005,BAGDAD,Y,,"26,378",AMP IMPLEMENTED,03/01/2001,IMPROVE CATEGORY,0201991,"1,735",702,0
AZ,LLAZC01000,KINGMAN FO,00006,BATEMAN SPRING,Y,,"20,759",AMP IMPLEMENTED,09/18/2001,MAINTAIN CATEGORY,0202005,540,660,0
AZ,LLAZC01000,KINGMAN FO,00007,BIG RANCH UNIT A,Y,,"115,719",AMP IMPLEMENTED,07/07/2003,IMPROVE CATEGORY,0201418,"5,397",363,0
AZ,LLAZC01000,KINGMAN FO,00008,BIG SANDY,Y,,"64,913",AMP PROPOSED,,IMPROVE CATEGORY,0201992,"2,777","6,333",0
AZ,LLAZC01000,KINGMAN FO,00009,BLACK MESA UNIT A,Y,,"7,880",AMP IMPLEMENTED,09/01/1984,IMPROVE CATEGORY,0202008,360,240,0
AZ,LLAZC01000,KINGMAN FO,00010,BLACK MT UNIT A,Y,,"52,904",,,MAINTAIN CATEGORY,0202009,"1,247","1,735",0
AZ,LLAZC01000,KINGMAN FO,00011,BORIANA UNIT A,Y,,"27,570",,,MAINTAIN CATEGORY,0202010,"2,279",0,0
AZ,LLAZC01000,KINGMAN FO,00013,BURRO CREEK,Y,,"6,352",AMP IMPLEMENTED,09/12/1983,IMPROVE CATEGORY,0202012,880,0,0
AZ,LLAZC01000,KINGMAN FO,00014,BURRO CREEK RANCH,Y,,"34,967",AMP IMPLEMENTED,12/13/2010,IMPROVE CATEGORY,0202013,"1,674",0,0
AZ,LLAZC01000,KINGMAN FO,00016,CANE SPRINGS WASH,Y,,"2,310",,,CUSTODIAL CATEGORY,0201994,168,72,0
AZ,LLAZC01000,KINGMAN FO,00017,CANYON RANCH UNIT A,Y,,"20,879",AMP IMPLEMENTED,03/01/1983,IMPROVE CATEGORY,0202016,"1,798",0,
AZ,LLAZC01000,KINGMAN FO,00018,CASTLE ROCK,Y,,"5,128",AMP IMPLEMENTED,08/17/1982,IMPROVE CATEGORY,0202017,300,0,0
AZ,LLAZC01000,KINGMAN FO,00019,CEDAR CANYON,Y,,"43,927",AMP IMPLEMENTED,09/30/2000,MAINTAIN CATEGORY,0202018,,0,0
AZ,LLAZC01000,KINGMAN FO,00020,CERBAT,Y,,"19,086",AMP IMPLEMENTED,10/01/2015,IMPROVE CATEGORY,0202019,"1,016",0,937
AZ,LLAZC01000,KINGMAN FO,00021,CHICKEN SPRINGS,Y,,"104,279",AMP IMPLEMENTED,09/18/2001,IMPROVE CATEGORY,0202020,"3,744","1,983",0
AZ,LLAZC01000,KINGMAN FO,00022,CHINO SPRINGS,Y,,"18,992",,,IMPROVE CATEGORY,0202021,,,
AZ,LLAZC01000,KINGMAN FO,00023,CLAY SPRINGS,Y,,"6,770",,,MAINTAIN CATEGORY,0202022,403,0,0
AZ,LLAZC01000,KINGMAN FO,00024,COOK CANYON,Y,,"4,358",,,IMPROVE CATEGORY,0202023,279,0,0
AZ,LLAZC01000,KINGMAN FO,00025,CROSSMAN PEAK,Y,,"108,599",,,CUSTODIAL CATEGORY,0201091,,0,0
AZ,LLAZC01000,KINGMAN FO,00026,CROZIER CANYON,Y,,"106,175",AMP IMPLEMENTED,04/01/1994,IMPROVE CATEGORY,0200027,"11,178","3,261",0
AZ,LLAZC01000,KINGMAN FO,00027,CURTAIN,Y,,"3,250",AMP IMPLEMENTED,09/01/1981,IMPROVE CATEGORY,0202425,0,0,0
AZ,LLAZC01000,KINGMAN FO,00028,DIAMOND JOE,Y,,"16,223",,,IMPROVE CATEGORY,0201995,562,"1,759",0
AZ,LLAZC01000,KINGMAN FO,00030,DOLAN SPRINGS,Y,,"37,222",AMP IMPLEMENTED,09/10/1982,MAINTAIN CATEGORY,0202031,"1,695",0,0
AZ,LLAZC01000,KINGMAN FO,00031,D O R,Y,,"1,269",,,CUSTODIAL CATEGORY,0202032,,,
AZ,LLAZC01000,KINGMAN FO,00032,FELDSPAR,Y,,640,,,CUSTODIAL CATEGORY,0202033,72,0,0
AZ,LLAZC01000,KINGMAN FO,00034,FORT MACEWEN UNIT A,Y,,"34,929",AMP IMPLEMENTED,10/01/2015,IMPROVE CATEGORY,0202035,"1,186",726,591
AZ,LLAZC01000,KINGMAN FO,00035,FRANCIS CREEK,Y,,"112,968",AMP IMPLEMENTED,12/01/1999,IMPROVE CATEGORY,0202036,"14,786",0,0
AZ,LLAZC01000,KINGMAN FO,00036,GEDIONDIA,Y,,"13,794",,,MAINTAIN CATEGORY,0201923,552,221,0
AZ,LLAZC01000,KINGMAN FO,00037,GOLD BASIN,Y,,"48,884",AMP IMPLEMENTED,02/28/2006,IMPROVE CATEGORY,0201420,"2,943",0,0
AZ,LLAZC01000,KINGMAN FO,00038,GRAY WASH,Y,,"8,896",,,IMPROVE CATEGORY,0201990,373,0,0
AZ,LLAZC01000,KINGMAN FO,00039,GREENWOOD COMMUNITY,Y,,"15,842",,,IMPROVE CATEGORY,0201496,494,499,0
AZ,LLAZC01000,KINGMAN FO,00040,GREENWOOD PEAK COMM.,Y,,"36,180",,,IMPROVE CATEGORY,0201990,"1,827",0,0
AZ,LLAZC01000,KINGMAN FO,00040,GREENWOOD PEAK COMM.,Y,,"36,180",,,IMPROVE CATEGORY,0202043,253,0,0
AZ,LLAZC01000,KINGMAN FO,00041,GROOM PEAK,Y,,"5,476",,,IMPROVE CATEGORY,0201990,265,0,0
AZ,LLAZC01000,KINGMAN FO,00042,HACKBERRY,Y,,"32,881",AMP IMPLEMENTED,03/01/1983,IMPROVE CATEGORY,0202045,,0,0
AZ,LLAZC01000,KINGMAN FO,00043,HAPPY JACK WASH,Y,,"19,858",,,MAINTAIN CATEGORY,0202046,876,0,0
AZ,LLAZC01000,KINGMAN FO,00045,HAVASU HEIGHTS SOUTH,Y,,"27,042",,,CUSTODIAL CATEGORY,,,,
AZ,LLAZC01000,KINGMAN FO,00046,HOT SPRINGS,Y,,"1,062",,,CUSTODIAL CATEGORY,0202049,52,0,0
AZ,LLAZC01000,KINGMAN FO,00047,HUALAPAI PEAK,Y,,"24,914",AMP IMPLEMENTED,08/26/1983,IMPROVE CATEGORY,0202123,"2,214",492,0
AZ,LLAZC01000,KINGMAN FO,00050,HIBERNIA PEAK,Y,,"27,913",AMP IMPLEMENTED,08/20/1999,IMPROVE CATEGORY,0202053,"2,622",0,0
AZ,LLAZC01000,KINGMAN FO,00051,LA CIENEGA,Y,,"68,658",AMP IMPLEMENTED,09/30/1999,IMPROVE CATEGORY,0202122,,0,0
AZ,LLAZC01000,KINGMAN FO,00052,LAZY YU UNIT A,Y,,"12,852",,,MAINTAIN CATEGORY,0202260,941,0,0
AZ,LLAZC01000,KINGMAN FO,00054,LOS MOLINOS,Y,,"17,600",,,IMPROVE CATEGORY,0201996,902,"1,918",0
AZ,LLAZC01000,KINGMAN FO,00055,MINERAL PARK,Y,,"11,123",AMP IMPLEMENTED,09/01/1981,IMPROVE CATEGORY,0202026,680,0,
AZ,LLAZC01000,KINGMAN FO,00057,MUSIC MOUNTAIN,Y,,"18,664",AMP IMPLEMENTED,09/01/1980,IMPROVE CATEGORY,0200113,"1,824",627,0
AZ,LLAZC01000,KINGMAN FO,00058,MT. TIPTON,Y,,"8,564",,,IMPROVE CATEGORY,0202272,230,0,0
AZ,LLAZC01000,KINGMAN FO,00059,PEACOCK MOUNTAIN,Y,,"1,169",,,CUSTODIAL CATEGORY,0202062,132,0,0
AZ,LLAZC01000,KINGMAN FO,00060,PINE SPRINGS,Y,,"6,601",AMP IMPLEMENTED,08/13/1982,IMPROVE CATEGORY,0202063,588,0,0
AZ,LLAZC01000,KINGMAN FO,00061,PORTLAND SPRINGS,Y,,"8,709",,,CUSTODIAL CATEGORY,0202064,,0,0
AZ,LLAZC01000,KINGMAN FO,00062,QUAIL SPRINGS,Y,,"31,304",AMP IMPLEMENTED,10/01/2015,IMPROVE CATEGORY,0202065,"2,527",0,87
AZ,LLAZC01000,KINGMAN FO,00064,SANDY,Y,,"1,524",,,CUSTODIAL CATEGORY,0201997,60,138,0
AZ,LLAZC01000,KINGMAN FO,00066,STOCKTON HILL,Y,,"2,912",AMP IMPLEMENTED,09/01/1981,MAINTAIN CATEGORY,0201922,444,108,0
AZ,LLAZC01000,KINGMAN FO,00068,THUMB BUTTE,Y,,"18,050",,,CUSTODIAL CATEGORY,0201495,,0,
AZ,LLAZC01000,KINGMAN FO,00070,TRUXTON CANYON UNITA,Y,,"5,645",AMP IMPLEMENTED,01/03/1996,IMPROVE CATEGORY,0201268,294,294,0
AZ,LLAZC01000,KINGMAN FO,00072,VALENTINE,Y,,"5,160",AMP IMPLEMENTED,06/25/1995,MAINTAIN CATEGORY,0201971,648,0,0
AZ,LLAZC01000,KINGMAN FO,00073,WALNUT CREEK,Y,,"80,530",,,IMPROVE CATEGORY,0202260,"5,843","2,026",0
AZ,LLAZC01000,KINGMAN FO,00074,WEST PEACOCK,Y,,"1,849",,,CUSTODIAL CATEGORY,0201160,204,0,0
AZ,LLAZC01000,KINGMAN FO,00076,WIKIEUP,Y,,"8,446",,,IMPROVE CATEGORY,0202079,684,0,0
AZ,LLAZC01000,KINGMAN FO,00077,WALAPAI RANCH,Y,,"4,639",,,CUSTODIAL CATEGORY,0201964,,0,0
AZ,LLAZC01000,KINGMAN FO,00078,YELLOW PINE,Y,,"58,506",AMP IMPLEMENTED,05/22/1998,IMPROVE CATEGORY,0202216,"5,940",0,0
AZ,LLAZC01000,KINGMAN FO,00079,BORIANA UNIT B,Y,,"10,220",,,CUSTODIAL CATEGORY,0202010,0,0,0
AZ,LLAZC01000,KINGMAN FO,00080,DIAMOND BAR UNIT B,Y,,,AMP IMPLEMENTED,08/19/1982,CUSTODIAL CATEGORY,0202444,1,,
AZ,LLAZC01000,KINGMAN FO,00081,BIG RANCH  UNIT  B,Y,,"114,504",,,CUSTODIAL CATEGORY,0201421,,0,0
AZ,LLAZC01000,KINGMAN FO,00082,FORT MACEWEN UNIT B,Y,,"31,174",AMP IMPLEMENTED,09/01/1980,CUSTODIAL CATEGORY,0202035,1,,
AZ,LLAZC01000,KINGMAN FO,00083,HIBERNIA PEAK UNIT B,Y,,"19,357",AMP IMPLEMENTED,08/20/1999,CUSTODIAL CATEGORY,0202053,,0,0
AZ,LLAZC01000,KINGMAN FO,00086,CANE SPRINGS,Y,,"48,312",AMP IMPLEMENTED,09/01/1981,IMPROVE CATEGORY,0201988,"2,851",0,0
AZ,LLAZC01000,KINGMAN FO,00087,LITTLE CANE,Y,,"5,542",,,CUSTODIAL CATEGORY,0202485,372,0,0
AZ,LLAZC01000,KINGMAN FO,00088,TRUXTON CANYON UNITB,Y,,414,AMP IMPLEMENTED,01/03/1996,CUSTODIAL CATEGORY,0201268,18,0,0
AZ,LLAZC01000,KINGMAN FO,00089,SANTA MARIA RANCH,Y,,"27,574",,,IMPROVE CATEGORY,0202051,"1,692","1,188",0
AZ,LLAZC01000,KINGMAN FO,00090,D. G. RANCH,Y,,"8,381",AMP IMPLEMENTED,03/01/2007,CUSTODIAL CATEGORY,0202056,936,0,0
AZ,LLAZC01000,KINGMAN FO,00091,TRES ALAMOS RANCH,Y,,"15,777",AMP IMPLEMENTED,02/23/1984,MAINTAIN CATEGORY,0202072,"1,500",0,0
AZ,LLAZC01000,KINGMAN FO,00092,PIPELINE RANCH,Y,,"28,401",AMP IMPLEMENTED,05/01/1972,MAINTAIN CATEGORY,0202182,"1,838",0,0
AZ,LLAZC01000,KINGMAN FO,00093,S.M.-GRAPEVINE RANCH,Y,,"60,067",,,IMPROVE CATEGORY,0202085,"2,328",0,0
AZ,LLAZC01000,KINGMAN FO,00094,PALMERITA RANCH,Y,,"31,792",,,IMPROVE CATEGORY,0202086,927,0,
AZ,LLAZC01000,KINGMAN FO,00098,DIAMOND BAR UNIT A,Y,,"63,073",AMP PROPOSED,,IMPROVE CATEGORY,0202444,"4,345",0,0
AZ,LLAZC01000,KINGMAN FO,00100,UPPER MUSIC MTN,Y,,"43,677",AMP IMPLEMENTED,09/01/1980,IMPROVE CATEGORY,0202455,,0,0
AZ,LLAZC01000,KINGMAN FO,00103,GIBSON CATTLE CO.,Y,,"10,550",,,MAINTAIN CATEGORY,0202103,"1,202",0,0
AZ,LLAZC01000,KINGMAN FO,00105,JJJ CORPORATION,Y,,290,,,CUSTODIAL CATEGORY,0202105,24,36,0
AZ,LLAZC01000,KINGMAN FO,00107,KELLIS LEASE,Y,,"1,745",,,CUSTODIAL CATEGORY,0202107,96,224,0
AZ,LLAZC01000,KINGMAN FO,00110,BLACK MESA UNIT B,Y,,"22,963",AMP IMPLEMENTED,09/01/1984,IMPROVE CATEGORY,0202110,"2,352",223,0
AZ,LLAZC01000,KINGMAN FO,00111,SCRATCH CANYON LEASE,Y,,"9,688",,,IMPROVE CATEGORY,0202111,"1,800",0,0
AZ,LLAZC01000,KINGMAN FO,00115,YOLO RANCH LEASE,Y,,"2,353",,,CUSTODIAL CATEGORY,0202115,366,0,0
AZ,LLAZC01000,KINGMAN FO,00116,BYNER CATTLE CO,Y,,"1,287",,,CUSTODIAL CATEGORY,0201993,135,75,0
AZ,LLAZC01000,KINGMAN FO,00998,MUD SPRINGS,Y,,"19,821",AMP IMPLEMENTED,08/08/1983,IMPROVE CATEGORY,0200995,889,0,0
AZ,LLAZC01000,KINGMAN FO,01705,MIDDLE WATER,Y,,"14,536",AMP IMPLEMENTED,09/10/1999,IMPROVE CATEGORY,0201936,553,200,0
AZ,LLAZC01000,KINGMAN FO,03040,HARCUVAR,Y,,"80,737",,,MAINTAIN CATEGORY,0202282,"4,266",0,0
AZ,LLAZC01000,KINGMAN FO,03067,PLANET,Y,,"186,045",,,CUSTODIAL CATEGORY,0202378,,,
AZ,LLAZC01000,KINGMAN FO,03069,PRIMROSE,Y,,"97,298",,,IMPROVE CATEGORY,,,,
AZ,LLAZC02000,YUMA FO,01830,OROSCO,Y,,"15,761",,,CUSTODIAL CATEGORY,0202283,546,0,0
AZ,LLAZC02000,YUMA FO,01901,NINE MILE,Y,,"109,239",,,MAINTAIN CATEGORY,0202454,468,,
AZ,LLAZC02000,YUMA FO,03012,CALHOUN,Y,,"41,744",,,CUSTODIAL CATEGORY,0202312,"2,304",,
AZ,LLAZC02000,YUMA FO,03022,CROWDER-WEISSER,Y,,"224,504",AMP IMPLEMENTED,03/01/2003,MAINTAIN CATEGORY,0202322,"15,758",0,0
AZ,LLAZC02000,YUMA FO,03028,EAGLE TAIL-UNIT A,Y,,"179,460",,,MAINTAIN CATEGORY,0202461,"2,100",0,0
AZ,LLAZC02000,YUMA FO,03034,GANADO,Y,,"86,800",,,IMPROVE CATEGORY,0202334,"1,690",0,0
AZ,LLAZC02000,YUMA FO,03038,HANCOCK,Y,,"36,113",,,MAINTAIN CATEGORY,0201963,908,0,0
AZ,LLAZC02000,YUMA FO,03047,K LAZY B,Y,,"128,466",,,MAINTAIN CATEGORY,0202353,"1,861",0,0
AZ,LLAZC02000,YUMA FO,03056,MORTON,N,CLOSED - LUP DECISION,"28,385",,,CUSTODIAL CATEGORY,,,,
AZ,LLAZC02000,YUMA FO,03064,PALOMAS,N,CLOSED - LUP DECISION,"109,408",,,CUSTODIAL CATEGORY,,,,
AZ,LLAZC02000,YUMA FO,03073,SALOME,Y,,"10,008",,,CUSTODIAL CATEGORY,0202386,247,0,0
AZ,LLAZC02000,YUMA FO,03075,SCOTT,N,CLOSED - LUP DECISION,"119,257",,,CUSTODIAL CATEGORY,,,,
AZ,LLAZC02000,YUMA FO,03088,WELLS/EHRENBERG,N,CLOSED - LUP DECISION,"57,006",,,CUSTODIAL CATEGORY,,,,
AZ,LLAZC02000,YUMA FO,03093,MUSE,Y,,"106,488",,,MAINTAIN CATEGORY,0202418,883,,
AZ,LLAZC02000,YUMA FO,03094,EAGLE TAIL-UNIT B,N,CLOSED - LUP DECISION,"119,643",,,CUSTODIAL CATEGORY,0202461,,,
AZ,LLAZC02000,YUMA FO,03096,WEISSER,N,CLOSED - LUP DECISION,"64,674",,,CUSTODIAL CATEGORY,,,,
AZ,LLAZC02000,YUMA FO,03097,MARTINEZ,N,CLOSED - LUP DECISION,"64,044",,,CUSTODIAL CATEGORY,,,,
AZ,LLAZC02000,YUMA FO,05000,HYDER RANCH,N,CLOSED - LUP DECISION,"10,247",,,CUSTODIAL CATEGORY,,,,
AZ,LLAZC02000,YUMA FO,05003,TRUST NO. 1347,N,CLOSED - LUP DECISION,"1,440",,,CUSTODIAL CATEGORY,,,,
AZ,LLAZC02000,YUMA FO,05006,WHITEWING RANCH,N,CLOSED - LUP DECISION,523,,,CUSTODIAL CATEGORY,,,,
AZ,LLAZC02000,YUMA FO,05009,BISHOP LEASE,Y,,"26,769",,,CUSTODIAL CATEGORY,0205300,588,0,0
AZ,LLAZC02000,YUMA FO,05036,PALOMAS RANCH,N,CLOSED - LUP DECISION,"4,577",,,CUSTODIAL CATEGORY,,,,
AZ,LLAZC02000,YUMA FO,05044,CALIENTE FARMS LEASE,N,CLOSED - LUP DECISION,"2,718",,,CUSTODIAL CATEGORY,,,,
AZ,LLAZC02000,YUMA FO,05053,DATELAND RANCH,N,CLOSED - LUP DECISION,"4,104",,,CUSTODIAL CATEGORY,,,,
AZ,LLAZG01000,SAFFORD FIELD OFFICE,01695,MARCOU MESA EAST,Y,,"1,200",,,CUSTODIAL CATEGORY,0202493,173,0,0
AZ,LLAZG01000,SAFFORD FIELD OFFICE,01781,LONG H RANCH,Y,,"9,180",,,CUSTODIAL CATEGORY,0202218,744,0,0
AZ,LLAZG01000,SAFFORD FIELD OFFICE,01800,GOODWATER,Y,,"1,032",,,CUSTODIAL CATEGORY,0202222,194,0,0
AZ,LLAZG01000,SAFFORD FIELD OFFICE,06007,WASHBOARD WASH,Y,,"6,806",,,IMPROVE CATEGORY,0202607,384,,
AZ,LLAZG01000,SAFFORD FIELD OFFICE,06008,RAMSEY SLIDE,Y,,329,,,CUSTODIAL CATEGORY,0202850,24,0,
AZ,LLAZG01000,SAFFORD FIELD OFFICE,06009,ALAMO WASH,Y,,595,,,CUSTODIAL CATEGORY,,,,
AZ,LLAZG01000,SAFFORD FIELD OFFICE,06017,MANILA WASH,Y,,,,,CUSTODIAL CATEGORY,0202617,60,0,0
AZ,LLAZG01000,SAFFORD FIELD OFFICE,06019,TUCKER FLAT,Y,,548,,,CUSTODIAL CATEGORY,0201897,72,,
AZ,LLAZG01000,SAFFORD FIELD OFFICE,06024,RELIC POINT,Y,,120,,,CUSTODIAL CATEGORY,0202624,24,,
AZ,LLAZG01000,SAFFORD FIELD OFFICE,06028,LITTLE ORTEGA LAKE,Y,,320,,,CUSTODIAL CATEGORY,0202231,60,,
AZ,LLAZG01000,SAFFORD FIELD OFFICE,06033,ST JOHNS,Y,,953,,,CUSTODIAL CATEGORY,0202634,160,0,
AZ,LLAZG01000,SAFFORD FIELD OFFICE,06034,WHITE MOUNTAIN LAKE,Y,,240,,,CUSTODIAL CATEGORY,0202261,36,,
AZ,LLAZG01000,SAFFORD FIELD OFFICE,06036,SOLOMON BUTTE,Y,,"1,880",,,CUSTODIAL CATEGORY,0202637,324,0,
AZ,LLAZG01000,SAFFORD FIELD OFFICE,06037,DRY LAKE,Y,,336,,,CUSTODIAL CATEGORY,0202638,60,0,
AZ,LLAZG01000,SAFFORD FIELD OFFICE,06038,TOLTEC DIVIDE,Y,,120,,,CUSTODIAL CATEGORY,0202639,24,,
AZ,LLAZG01000,SAFFORD FIELD OFFICE,06047,F BAR,Y,,210,,,CUSTODIAL CATEGORY,0202648,24,0,
AZ,LLAZG01000,SAFFORD FIELD OFFICE,06049,MILKY WASH,Y,,120,,,CUSTODIAL CATEGORY,0202650,12,,
AZ,LLAZG01000,SAFFORD FIELD OFFICE,06052,THE DIVIDE,Y,,"2,558",,,CUSTODIAL CATEGORY,0201892,456,,
AZ,LLAZG01000,SAFFORD FIELD OFFICE,06058,PINK CLIFFS,Y,,"5,880",,,CUSTODIAL CATEGORY,0202659,923,0,
AZ,LLAZG01000,SAFFORD FIELD OFFICE,06061,MESA PARADA,Y,,546,,,CUSTODIAL CATEGORY,0201942,84,0,
AZ,LLAZG01000,SAFFORD FIELD OFFICE,06064,LOST TANK CANYON,Y,,"5,612",,,CUSTODIAL CATEGORY,0201953,840,,
AZ,LLAZG01000,SAFFORD FIELD OFFICE,06069,SCRAPER KNOLL,Y,,320,,,CUSTODIAL CATEGORY,0202670,36,,
AZ,LLAZG01000,SAFFORD FIELD OFFICE,06070,BIG HOLLOW WASH,Y,,636,,,CUSTODIAL CATEGORY,0200940,84,,
AZ,LLAZG01000,SAFFORD FIELD OFFICE,06071,WILDCAT CREEK,Y,,"1,448",,,CUSTODIAL CATEGORY,0202672,276,,
AZ,LLAZG01000,SAFFORD FIELD OFFICE,06073,APACHE BUTTE,Y,,"6,703",,,IMPROVE CATEGORY,0202674,756,,
AZ,LLAZG01000,SAFFORD FIELD OFFICE,06074,FLYING BUTTE,Y,,"6,173",,,CUSTODIAL CATEGORY,0202109,631,0,0
AZ,LLAZG01000,SAFFORD FIELD OFFICE,06076,STRADDLING LAKE,Y,,825,,,CUSTODIAL CATEGORY,0202677,132,,
AZ,LLAZG01000,SAFFORD FIELD OFFICE,06079,COTTONWOOD WASH,Y,,40,,,CUSTODIAL CATEGORY,,,,
AZ,LLAZG01000,SAFFORD FIELD OFFICE,06081,ZUNI WASH,Y,,"1,120",,,CUSTODIAL CATEGORY,0202682,193,,
AZ,LLAZG01000,SAFFORD FIELD OFFICE,06084,SHEEPSKIN WASH,Y,,135,,,CUSTODIAL CATEGORY,0202685,14,,
AZ,LLAZG01000,SAFFORD FIELD OFFICE,06086,WOODRUFF BUTTE,Y,,595,,,CUSTODIAL CATEGORY,0202356,108,0,0
AZ,LLAZG01000,SAFFORD FIELD OFFICE,06087,POTATO WASH,Y,,"3,233",,,IMPROVE CATEGORY,0201569,432,,
AZ,LLAZG01000,SAFFORD FIELD OFFICE,06088,HUNT VALLEY,Y,,676,,,CUSTODIAL CATEGORY,0202108,120,,
AZ,LLAZG01000,SAFFORD FIELD OFFICE,06091,LEROUX WASH,Y,,"1,890",,,CUSTODIAL CATEGORY,0202692,60,120,
AZ,LLAZG01000,SAFFORD FIELD OFFICE,06092,DIGGER WASH,Y,,334,,,CUSTODIAL CATEGORY,0202693,36,,
AZ,LLAZG01000,SAFFORD FIELD OFFICE,06096,ZION,Y,,600,,,CUSTODIAL CATEGORY,0201945,84,9,
AZ,LLAZG01000,SAFFORD FIELD OFFICE,06098,GRAVEL PIT,Y,,160,,,CUSTODIAL CATEGORY,0202699,12,,
AZ,LLAZG01000,SAFFORD FIELD OFFICE,06106,BLACK MESA,Y,,880,,,CUSTODIAL CATEGORY,0202707,168,,
AZ,LLAZG01000,SAFFORD FIELD OFFICE,06107,SNOWFLAKE,Y,,186,,,CUSTODIAL CATEGORY,0202829,24,0,0
AZ,LLAZG01000,SAFFORD FIELD OFFICE,06108,TWIN WELLS,Y,,"1,159",,,CUSTODIAL CATEGORY,,,,
AZ,LLAZG01000,SAFFORD FIELD OFFICE,06110,HARDSCRABBLE WASH,Y,,"8,943",,,CUSTODIAL CATEGORY,0202185,62,0,0
AZ,LLAZG01000,SAFFORD FIELD OFFICE,06114,CHEVELON CREEK NORTH,Y,,"1,286",,,CUSTODIAL CATEGORY,0202715,84,,
AZ,LLAZG01000,SAFFORD FIELD OFFICE,06127,MARCOU MESA,Y,,"5,259",,,CUSTODIAL CATEGORY,0201415,768,0,0
AZ,LLAZG01000,SAFFORD FIELD OFFICE,06134,NORTH CERRO HUECO,Y,,"1,280",,,CUSTODIAL CATEGORY,0202735,288,,
AZ,LLAZG01000,SAFFORD FIELD OFFICE,06136,ORTEGA SINK,Y,,"1,880",,,CUSTODIAL CATEGORY,0202737,360,,
AZ,LLAZG01000,SAFFORD FIELD OFFICE,06140,CERRO HUECO,Y,,"3,200",,,CUSTODIAL CATEGORY,0200129,696,,
AZ,LLAZG01000,SAFFORD FIELD OFFICE,06149,PIPELINE,Y,,920,,,CUSTODIAL CATEGORY,0202750,108,,
AZ,LLAZG01000,SAFFORD FIELD OFFICE,06155,CARRIZO WASH,Y,,"4,986",,,CUSTODIAL CATEGORY,0202756,756,,
AZ,LLAZG01000,SAFFORD FIELD OFFICE,06156,CEDAR LAKE WASH,Y,,"17,093",,,CUSTODIAL CATEGORY,0202212,"2,532",0,
AZ,LLAZG01000,SAFFORD FIELD OFFICE,06157,ST JOHNS WASH,Y,,"4,709",,,CUSTODIAL CATEGORY,0202758,708,,
AZ,LLAZG01000,SAFFORD FIELD OFFICE,06158,LITTLE ELECTRIC,Y,,"1,894",,,CUSTODIAL CATEGORY,0202759,264,0,
AZ,LLAZG01000,SAFFORD FIELD OFFICE,06159,LITTLE RESERVOIR,Y,,160,,,CUSTODIAL CATEGORY,0202437,6,0,
AZ,LLAZG01000,SAFFORD FIELD OFFICE,06160,CARRIZO WASH EAST,Y,,640,,,CUSTODIAL CATEGORY,0202761,120,,
AZ,LLAZG01000,SAFFORD FIELD OFFICE,06162,BLANCO,Y,,"2,786",,,CUSTODIAL CATEGORY,0201306,420,0,
AZ,LLAZG01000,SAFFORD FIELD OFFICE,06164,BLACK RIDGE,Y,,200,,,CUSTODIAL CATEGORY,0201814,24,0,
AZ,LLAZG01000,SAFFORD FIELD OFFICE,06170,ZUNI CONCHO,Y,,"1,521",,,CUSTODIAL CATEGORY,0202771,72,0,
AZ,LLAZG01000,SAFFORD FIELD OFFICE,06172,MESA WASH,Y,,440,,,CUSTODIAL CATEGORY,0202773,60,,
AZ,LLAZG01000,SAFFORD FIELD OFFICE,06176,PUERCO RIDGE,Y,,"1,600",,,CUSTODIAL CATEGORY,0202441,276,,
AZ,LLAZG01000,SAFFORD FIELD OFFICE,06177,WOODRUFF,Y,,"2,815",,,CUSTODIAL CATEGORY,0201926,216,,
AZ,LLAZG01000,SAFFORD FIELD OFFICE,06178,BAR A,Y,,"6,475",,,CUSTODIAL CATEGORY,0200020,828,0,
AZ,LLAZG01000,SAFFORD FIELD OFFICE,06179,MONUMENT HILL,Y,,"3,291",,,CUSTODIAL CATEGORY,0200019,408,0,
AZ,LLAZG01000,SAFFORD FIELD OFFICE,06180,MEXICAN WASH,Y,,"2,667",,,CUSTODIAL CATEGORY,0202256,660,,
AZ,LLAZG01000,SAFFORD FIELD OFFICE,06184,HIDDEN LAKE,Y,,"4,493",,,CUSTODIAL CATEGORY,0202785,408,,
AZ,LLAZG01000,SAFFORD FIELD OFFICE,06189,SEVEN SPRINGS RANCH,Y,,215,,,CUSTODIAL CATEGORY,0202091,24,,
AZ,LLAZG01000,SAFFORD FIELD OFFICE,06190,ZUNI WASH BRIDGE,Y,,880,,,CUSTODIAL CATEGORY,0202791,168,,
AZ,LLAZG01000,SAFFORD FIELD OFFICE,06195,SURPRISE VALLEY,Y,,"14,807",,,CUSTODIAL CATEGORY,0202092,"1,524",0,
AZ,LLAZG01000,SAFFORD FIELD OFFICE,06202,CHEVELON CREEK SOUTH,Y,,118,,,CUSTODIAL CATEGORY,0202803,12,,
AZ,LLAZG01000,SAFFORD FIELD OFFICE,06205,CRAZY CREEK,Y,,"1,916",,,CUSTODIAL CATEGORY,0202806,336,,
AZ,LLAZG01000,SAFFORD FIELD OFFICE,06207,VOLCANIC RIDGE,Y,,320,,,CUSTODIAL CATEGORY,0202808,48,,
AZ,LLAZG01000,SAFFORD FIELD OFFICE,06214,PHOENIX PARK WASH,Y,,640,,,IMPROVE CATEGORY,0202815,60,,
AZ,LLAZG01000,SAFFORD FIELD OFFICE,06225,HOLBROOK,Y,,117,,,CUSTODIAL CATEGORY,0202826,24,,
AZ,LLAZG01000,SAFFORD FIELD OFFICE,06228,FLINT KNOLL,Y,,160,,,CUSTODIAL CATEGORY,0202829,24,,
AZ,LLAZG01000,SAFFORD FIELD OFFICE,06230,WIREGRASS LAKE,Y,,"1,120",,,CUSTODIAL CATEGORY,0202831,182,0,0
AZ,LLAZG01000,SAFFORD FIELD OFFICE,06231,LYMAN LAKE SOUTH,Y,,280,,,CUSTODIAL CATEGORY,0202832,60,,
AZ,LLAZG01000,SAFFORD FIELD OFFICE,06232,LITTLE COLORADO RIV.,Y,,480,,,IMPROVE CATEGORY,0202833,84,,
AZ,LLAZG01000,SAFFORD FIELD OFFICE,06234,COW CANYON,Y,,640,,,CUSTODIAL CATEGORY,0202835,120,,
AZ,LLAZG01000,SAFFORD FIELD OFFICE,06237,AZTEC,Y,,"2,240",,,IMPROVE CATEGORY,0201231,384,0,
AZ,LLAZG01000,SAFFORD FIELD OFFICE,06241,LITHODENDRON WASH,Y,,"3,661",,,CUSTODIAL CATEGORY,0202842,694,0,0
AZ,LLAZG01000,SAFFORD FIELD OFFICE,06242,SILVER CREEK,Y,,640,,,CUSTODIAL CATEGORY,0202189,85,0,0
AZ,LLAZG01000,SAFFORD FIELD OFFICE,06250,NEW LAKE,Y,,686,CMP IMPLEMENTED,05/15/2011,IMPROVE CATEGORY,0202835,84,,
AZ,LLAZG01000,SAFFORD FIELD OFFICE,06252,MUD SPRINGS,Y,,"1,307",,,CUSTODIAL CATEGORY,0200939,204,,
AZ,LLAZG01000,SAFFORD FIELD OFFICE,06253,JARVIS WASH,Y,,"4,393",,,CUSTODIAL CATEGORY,0202255,636,0,
AZ,LLAZG01000,SAFFORD FIELD OFFICE,06254,PORTER CANYON,Y,,"4,015",,,CUSTODIAL CATEGORY,0200070,504,0,
AZ,LLAZG01000,SAFFORD FIELD OFFICE,06255,ST JOHNS RANCH,Y,,960,,,CUSTODIAL CATEGORY,0200082,48,0,
AZ,LLAZG01000,SAFFORD FIELD OFFICE,40010,METCALF,Y,,"1,247",AMP PROPOSED,,CUSTODIAL CATEGORY,0200148,87,0,
AZ,LLAZG01000,SAFFORD FIELD OFFICE,40020,SAN FRANCISCO,Y,,"3,925",AMP PROPOSED,,IMPROVE CATEGORY,0200058,563,0,
AZ,LLAZG01000,SAFFORD FIELD OFFICE,40030,MORENCI,Y,,"6,224",AMP PROPOSED,,IMPROVE CATEGORY,0200149,852,0,
AZ,LLAZG01000,SAFFORD FIELD OFFICE,40050,RED HICKEY HILLS,Y,,"2,460",AMP IMPLEMENTED,11/01/1982,IMPROVE CATEGORY,0204005,240,,
AZ,LLAZG01000,SAFFORD FIELD OFFICE,40100,SMUGGLER PEAK,Y,,"13,822",CMP IMPLEMENTED,05/16/2006,MAINTAIN CATEGORY,0204010,"1,242",0,
AZ,LLAZG01000,SAFFORD FIELD OFFICE,40110,ZORILLA,Y,,"14,771",AMP IMPLEMENTED,07/01/1973,IMPROVE CATEGORY,0204011,"2,352",,
AZ,LLAZG01000,SAFFORD FIELD OFFICE,40140,GILA,Y,,"2,702",AMP IMPLEMENTED,07/01/1973,MAINTAIN CATEGORY,0204014,192,,
AZ,LLAZG01000,SAFFORD FIELD OFFICE,40210,TWIN C.,Y,,"10,987",AMP IMPLEMENTED,06/01/1982,IMPROVE CATEGORY,0204021,"1,920",525,
AZ,LLAZG01000,SAFFORD FIELD OFFICE,40220,COUNTY LINE,Y,,"9,030",,,MAINTAIN CATEGORY,0204022,"1,680",0,
AZ,LLAZG01000,SAFFORD FIELD OFFICE,40230,BUCK CANYON,Y,,"5,979",AMP IMPLEMENTED,05/01/1982,IMPROVE CATEGORY,0204023,543,,
AZ,LLAZG01000,SAFFORD FIELD OFFICE,40310,SAN JOSE COMMUNITY,Y,,"3,360",,,CUSTODIAL CATEGORY,0204031,0,0,
AZ,LLAZG01000,SAFFORD FIELD OFFICE,40320,YUMA WASH,Y,,"14,480",AMP IMPLEMENTED,03/01/1981,MAINTAIN CATEGORY,0204032,282,,
AZ,LLAZG01000,SAFFORD FIELD OFFICE,40330,TOLLGATE,Y,,"20,021",AMP IMPLEMENTED,06/01/1984,IMPROVE CATEGORY,0201645,"1,330",213,
AZ,LLAZG01000,SAFFORD FIELD OFFICE,40340,GUTHRIE PEAK,Y,,"5,903",AMP IMPLEMENTED,03/08/2002,MAINTAIN CATEGORY,0201977,948,,
AZ,LLAZG01000,SAFFORD FIELD OFFICE,44010,MULESHOE,Y,,"3,027",,,IMPROVE CATEGORY,0204401,1,345,
AZ,LLAZG01000,SAFFORD FIELD OFFICE,44020,SOZA MESA,Y,,"5,300",,,IMPROVE CATEGORY,0204402,502,0,
AZ,LLAZG01000,SAFFORD FIELD OFFICE,44090,C-SPEAR RANCH,Y,,440,,,MAINTAIN CATEGORY,0204409,60,,
AZ,LLAZG01000,SAFFORD FIELD OFFICE,45180,PAINTED CAVE,Y,,"12,711",CMP IMPLEMENTED,06/18/2008,IMPROVE CATEGORY,0200912,"1,821",0,0
AZ,LLAZG01000,SAFFORD FIELD OFFICE,45200,DRY CAMP,Y,,"12,759",CMP IMPLEMENTED,11/17/2008,IMPROVE CATEGORY,0204520,"2,796",0,0
AZ,LLAZG01000,SAFFORD FIELD OFFICE,45210,ARAVAIPA SOUTH,Y,,"1,157",,,CUSTODIAL CATEGORY,0202130,168,67,
AZ,LLAZG01000,SAFFORD FIELD OFFICE,45220,ARAVAIPA,Y,,"8,272",AMP IMPLEMENTED,08/01/1981,IMPROVE CATEGORY,0200072,"1,068",704,
AZ,LLAZG01000,SAFFORD FIELD OFFICE,45240,HORSE MOUNTAIN,Y,,"2,328",AMP IMPLEMENTED,09/01/1980,IMPROVE CATEGORY,0204524,372,36,
AZ,LLAZG01000,SAFFORD FIELD OFFICE,45250,LAUREL CANYON,Y,,289,,,CUSTODIAL CATEGORY,0204525,36,,
AZ,LLAZG01000,SAFFORD FIELD OFFICE,45280,HELL HOLE,Y,,"2,074",AMP IMPLEMENTED,10/01/1982,IMPROVE CATEGORY,0201910,156,0,
AZ,LLAZG01000,SAFFORD FIELD OFFICE,45290,SOUTH RIM,Y,,"34,634",AMP IMPLEMENTED,05/10/1989,IMPROVE CATEGORY,0204529,"2,898","2,898",
AZ,LLAZG01000,SAFFORD FIELD OFFICE,45300,BRANDENBURG MTN,Y,,520,AMP IMPLEMENTED,06/01/1984,CUSTODIAL CATEGORY,0200119,24,44,
AZ,LLAZG01000,SAFFORD FIELD OFFICE,45360,RELIABLE,Y,,610,,,CUSTODIAL CATEGORY,0204536,48,32,
AZ,LLAZG01000,SAFFORD FIELD OFFICE,45370,COPPER CREEK,Y,,"2,295",AMP IMPLEMENTED,08/01/1970,IMPROVE CATEGORY,0204537,204,,
AZ,LLAZG01000,SAFFORD FIELD OFFICE,46010,DIAMOND BAR,Y,,"29,462",,,IMPROVE CATEGORY,0204601,"4,200",0,0
AZ,LLAZG01000,SAFFORD FIELD OFFICE,46020,TOM SPRINGS,Y,,"16,950",AMP IMPLEMENTED,04/01/1979,IMPROVE CATEGORY,0201562,"1,169",,
AZ,LLAZG01000,SAFFORD FIELD OFFICE,46030,FT.THOMAS,Y,,570,,,CUSTODIAL CATEGORY,0204603,,0,
AZ,LLAZG01000,SAFFORD FIELD OFFICE,46040,DAY MINE,Y,,"55,256",AMP IMPLEMENTED,10/01/1982,IMPROVE CATEGORY,0202129,"3,562","1,072",
AZ,LLAZG01000,SAFFORD FIELD OFFICE,46050,NORTH EDEN COMMUNITY,Y,,"3,000",,,CUSTODIAL CATEGORY,0200106,0,0,
AZ,LLAZG01000,SAFFORD FIELD OFFICE,46050,NORTH EDEN COMMUNITY,Y,,"3,000",,,CUSTODIAL CATEGORY,0204650,0,0,
AZ,LLAZG01000,SAFFORD FIELD OFFICE,46050,NORTH EDEN COMMUNITY,Y,,"3,000",,,CUSTODIAL CATEGORY,0204651,0,0,
AZ,LLAZG01000,SAFFORD FIELD OFFICE,46050,NORTH EDEN COMMUNITY,Y,,"3,000",,,CUSTODIAL CATEGORY,0204652,0,0,
AZ,LLAZG01000,SAFFORD FIELD OFFICE,46060,SOUTH EDEN COMMUNITY,Y,,"5,440",,,CUSTODIAL CATEGORY,0204655,0,0,
AZ,LLAZG01000,SAFFORD FIELD OFFICE,46060,SOUTH EDEN COMMUNITY,Y,,"5,440",,,CUSTODIAL CATEGORY,0204658,,0,
AZ,LLAZG01000,SAFFORD FIELD OFFICE,46070,BILLINGSLEY CREEK,Y,,350,,,CUSTODIAL CATEGORY,0204607,0,0,
AZ,LLAZG01000,SAFFORD FIELD OFFICE,46080,BRYCE,Y,,"19,151",AMP IMPLEMENTED,03/01/1984,IMPROVE CATEGORY,0201769,"1,678",840,
AZ,LLAZG01000,SAFFORD FIELD OFFICE,46090,KIMBALL COMMUNITY,Y,,"1,520",,,CUSTODIAL CATEGORY,0204659,0,0,
AZ,LLAZG01000,SAFFORD FIELD OFFICE,46090,KIMBALL COMMUNITY,Y,,"1,520",,,CUSTODIAL CATEGORY,0204660,0,0,
AZ,LLAZG01000,SAFFORD FIELD OFFICE,46100,TALLEY WASH,Y,,"2,590",AMP IMPLEMENTED,09/01/1982,CUSTODIAL CATEGORY,0204610,70,309,
AZ,LLAZG01000,SAFFORD FIELD OFFICE,46110,SKINNER COMMUNITY,Y,,"1,330",,,CUSTODIAL CATEGORY,0204663,0,0,
AZ,LLAZG01000,SAFFORD FIELD OFFICE,46120,REST HAVEN,Y,,"1,404",,,CUSTODIAL CATEGORY,0204612,0,0,
AZ,LLAZG01000,SAFFORD FIELD OFFICE,46130,LONE STAR,Y,,"12,244",AMP IMPLEMENTED,03/01/1984,MAINTAIN CATEGORY,0204613,863,430,0
AZ,LLAZG01000,SAFFORD FIELD OFFICE,46150,JOHNNY CREEK,Y,,"15,840",AMP IMPLEMENTED,03/01/1974,IMPROVE CATEGORY,0204615,"1,804",788,
AZ,LLAZG01000,SAFFORD FIELD OFFICE,46160,BONITA CREEK,Y,,"24,237",AMP IMPLEMENTED,03/01/1974,IMPROVE CATEGORY,0204616,"3,341","1,227",
AZ,LLAZG01000,SAFFORD FIELD OFFICE,46170,BULLGAP COMMUNITY,Y,,"9,016",AMP IMPLEMENTED,03/01/1982,IMPROVE CATEGORY,0204617,"1,248",667,
AZ,LLAZG01000,SAFFORD FIELD OFFICE,46180,TURTLE MOUNTAIN,Y,,"16,535",AMP IMPLEMENTED,03/01/1982,IMPROVE CATEGORY,0200146,"2,872",327,
AZ,LLAZG01000,SAFFORD FIELD OFFICE,46190,GERONIMO,Y,,"1,040",,,CUSTODIAL CATEGORY,0201985,,0,0
AZ,LLAZG01000,SAFFORD FIELD OFFICE,46200,CUP,Y,,"4,757",AMP IMPLEMENTED,01/01/2011,CUSTODIAL CATEGORY,0201884,,0,0
AZ,LLAZG01000,SAFFORD FIELD OFFICE,46210,ALKALI,Y,,"3,507",AMP IMPLEMENTED,09/01/1983,MAINTAIN CATEGORY,0204621,100,0,
AZ,LLAZG01000,SAFFORD FIELD OFFICE,46230,BENCHMARK,Y,,280,,,CUSTODIAL CATEGORY,0204623,0,0,
AZ,LLAZG01000,SAFFORD FIELD OFFICE,46240,NORTH FT. THOMAS COM,Y,,"1,685",,,CUSTODIAL CATEGORY,0204666,0,0,
AZ,LLAZG01000,SAFFORD FIELD OFFICE,46240,NORTH FT. THOMAS COM,Y,,"1,685",,,CUSTODIAL CATEGORY,0204667,0,0,
AZ,LLAZG01000,SAFFORD FIELD OFFICE,46240,NORTH FT. THOMAS COM,Y,,"1,685",,,CUSTODIAL CATEGORY,0204668,0,0,
AZ,LLAZG01000,SAFFORD FIELD OFFICE,46250,SOUTH FORT THOMAS,Y,,525,,,CUSTODIAL CATEGORY,0204625,,0,
AZ,LLAZG01000,SAFFORD FIELD OFFICE,46260,RED KNOLLS,Y,,"1,004",,,CUSTODIAL CATEGORY,0201784,,0,0
AZ,LLAZG01000,SAFFORD FIELD OFFICE,46270,GOODWIN WASH,Y,,120,,,CUSTODIAL CATEGORY,0204627,18,18,
AZ,LLAZG01000,SAFFORD FIELD OFFICE,46280,WHITE SPRING,Y,,"1,520",,,CUSTODIAL CATEGORY,0204628,188,86,
AZ,LLAZG01000,SAFFORD FIELD OFFICE,46290,COBRE GRANDE,Y,,600,,,CUSTODIAL CATEGORY,0204629,84,28,
AZ,LLAZG01000,SAFFORD FIELD OFFICE,46300,BLACK ROCK,Y,,"2,861",AMP IMPLEMENTED,03/01/1977,IMPROVE CATEGORY,0201881,262,0,0
AZ,LLAZG01000,SAFFORD FIELD OFFICE,46310,SPENAZUMA,Y,,"5,677",AMP IMPLEMENTED,09/01/1979,IMPROVE CATEGORY,0204631,756,0,
AZ,LLAZG01000,SAFFORD FIELD OFFICE,46330,JACKSON MOUNTAIN,Y,,"4,796",,,IMPROVE CATEGORY,0204633,513,370,
AZ,LLAZG01000,SAFFORD FIELD OFFICE,46340,WHITE HOUSE,Y,,"22,263",AMP IMPLEMENTED,03/01/1982,IMPROVE CATEGORY,0202440,"1,571",0,
AZ,LLAZG01000,SAFFORD FIELD OFFICE,46350,OSO LARGO,Y,,"2,050",,,CUSTODIAL CATEGORY,0202442,,0,0
AZ,LLAZG01000,SAFFORD FIELD OFFICE,46360,BEAR SPRING,Y,,"3,740",,,CUSTODIAL CATEGORY,0204636,0,0,
AZ,LLAZG01000,SAFFORD FIELD OFFICE,46370,PIMA,Y,,"1,360",,,CUSTODIAL CATEGORY,0204637,0,0,
AZ,LLAZG01000,SAFFORD FIELD OFFICE,46380,MESA,Y,,646,,,CUSTODIAL CATEGORY,0204638,0,0,
AZ,LLAZG01000,SAFFORD FIELD OFFICE,46390,MUD HOLLOW,Y,,216,,,CUSTODIAL CATEGORY,0204639,0,0,
AZ,LLAZG01000,SAFFORD FIELD OFFICE,46400,WEST SPEAR RANCH,Y,,"8,471",AMP IMPLEMENTED,11/01/1985,MAINTAIN CATEGORY,0201551,441,,
AZ,LLAZG01000,SAFFORD FIELD OFFICE,46410,EAST SPEAR RANCH,Y,,"4,084",AMP IMPLEMENTED,11/01/1985,CUSTODIAL CATEGORY,0201551,120,126,
AZ,LLAZG01000,SAFFORD FIELD OFFICE,46440,BILLINGSLEY CREEK,Y,,80,,,CUSTODIAL CATEGORY,0204644,,0,
AZ,LLAZG01000,SAFFORD FIELD OFFICE,46470,MIXED UP,Y,,120,,,CUSTODIAL CATEGORY,0204647,24,,
AZ,LLAZG01000,SAFFORD FIELD OFFICE,46750,ASHURST,Y,,"10,335",AMP IMPLEMENTED,01/01/1986,IMPROVE CATEGORY,0204675,220,204,
AZ,LLAZG01000,SAFFORD FIELD OFFICE,46760,AMPHITHEATRE,Y,,240,,,CUSTODIAL CATEGORY,0204676,0,0,
AZ,LLAZG01000,SAFFORD FIELD OFFICE,50160,WILLIS,Y,,"4,233",AMP/CMP IMPLEMENTED,08/15/2011,IMPROVE CATEGORY,0205016,789,130,
AZ,LLAZG01000,SAFFORD FIELD OFFICE,50180,TWIN PEAKS,Y,,"1,801",AMP IMPLEMENTED,03/01/1981,IMPROVE CATEGORY,0205018,268,94,
AZ,LLAZG01000,SAFFORD FIELD OFFICE,50240,HARPER,Y,,"6,550",AMP IMPLEMENTED,01/01/1967,MAINTAIN CATEGORY,0205024,769,,
AZ,LLAZG01000,SAFFORD FIELD OFFICE,50350,SHELDON MTN.,Y,,"14,620",AMP IMPLEMENTED,01/01/1986,IMPROVE CATEGORY,0202215,"1,644",669,
AZ,LLAZG01000,SAFFORD FIELD OFFICE,50370,WILLOW MOUNTAIN,Y,,"1,070",AMP IMPLEMENTED,03/01/1982,CUSTODIAL CATEGORY,0205037,96,,
AZ,LLAZG01000,SAFFORD FIELD OFFICE,50410,RHYOLITE PEAK,Y,,"4,770",AMP IMPLEMENTED,03/01/1988,IMPROVE CATEGORY,0205041,472,128,
AZ,LLAZG01000,SAFFORD FIELD OFFICE,50430,CHINA CAMP,Y,,"1,160",AMP IMPLEMENTED,03/01/1982,CUSTODIAL CATEGORY,0205043,144,,
AZ,LLAZG01000,SAFFORD FIELD OFFICE,50440,SADDLEBACK MT,Y,,"6,990",AMP IMPLEMENTED,06/01/1984,IMPROVE CATEGORY,0200090,790,0,
AZ,LLAZG01000,SAFFORD FIELD OFFICE,50460,SAND WASH,Y,,110,,,CUSTODIAL CATEGORY,,,,
AZ,LLAZG01000,SAFFORD FIELD OFFICE,50580,LAZY B,Y,,"51,181",AMP IMPLEMENTED,11/01/1981,IMPROVE CATEGORY,0205058,"13,488",,
AZ,LLAZG01000,SAFFORD FIELD OFFICE,50610,LITTLE DOUBTFUL,Y,,"2,489",,,MAINTAIN CATEGORY,0202131,40,0,0
AZ,LLAZG01000,SAFFORD FIELD OFFICE,50620,BRAIDFOOT,Y,,"6,950",AMP IMPLEMENTED,03/01/1988,MAINTAIN CATEGORY,0205062,674,0,
AZ,LLAZG01000,SAFFORD FIELD OFFICE,50660,WILKY,Y,,"9,481",AMP IMPLEMENTED,04/01/1989,IMPROVE CATEGORY,0201886,"4,467",0,
AZ,LLAZG01000,SAFFORD FIELD OFFICE,50670,HIGH LONESOME,Y,,"13,908",AMP IMPLEMENTED,11/01/1981,IMPROVE CATEGORY,0205067,"3,456",,
AZ,LLAZG01000,SAFFORD FIELD OFFICE,51000,POPPY CANYON,Y,,"9,900",CMP IMPLEMENTED,01/29/2010,MAINTAIN CATEGORY,0201666,540,0,0
AZ,LLAZG01000,SAFFORD FIELD OFFICE,51010,CREOSOTE,Y,,"15,210",AMP IMPLEMENTED,03/01/1981,IMPROVE CATEGORY,0201497,936,130,
AZ,LLAZG01000,SAFFORD FIELD OFFICE,51020,MUNSON CIENEGA,Y,,"3,080",AMP IMPLEMENTED,03/01/1975,MAINTAIN CATEGORY,0200081,150,0,
AZ,LLAZG01000,SAFFORD FIELD OFFICE,51030,111 RANCH,Y,,"79,774",AMP IMPLEMENTED,01/01/1972,IMPROVE CATEGORY,0202095,"4,380",,
AZ,LLAZG01000,SAFFORD FIELD OFFICE,51040,CHIMNEY,Y,,"6,100",AMP IMPLEMENTED,06/01/1982,MAINTAIN CATEGORY,0202355,530,94,
AZ,LLAZG01000,SAFFORD FIELD OFFICE,51050,ASH PEAK,Y,,"12,145",AMP IMPLEMENTED,03/01/1970,IMPROVE CATEGORY,0205105,962,250,
AZ,LLAZG01000,SAFFORD FIELD OFFICE,51060,ARTESIA,Y,,"6,310",,,CUSTODIAL CATEGORY,0200077,0,0,
AZ,LLAZG01000,SAFFORD FIELD OFFICE,51070,STOCKTON PASS,Y,,"7,649",AMP IMPLEMENTED,05/01/1970,MAINTAIN CATEGORY,0202124,538,40,0
AZ,LLAZG01000,SAFFORD FIELD OFFICE,51070,STOCKTON PASS,Y,,"7,649",AMP IMPLEMENTED,05/01/1970,MAINTAIN CATEGORY,0202449,"2,760",0,0
AZ,LLAZG01000,SAFFORD FIELD OFFICE,51080,TANQUE,Y,,"66,769",AMP IMPLEMENTED,03/01/1981,IMPROVE CATEGORY,0205108,"2,079",549,
AZ,LLAZG01000,SAFFORD FIELD OFFICE,51090,VAN GAUSIG,Y,,"10,060",AMP IMPLEMENTED,03/01/1976,IMPROVE CATEGORY,0201939,612,0,0
AZ,LLAZG01000,SAFFORD FIELD OFFICE,51100,BADGER DEN,Y,,"47,147",,,IMPROVE CATEGORY,,,,
AZ,LLAZG01000,SAFFORD FIELD OFFICE,51130,SLICKROCK,Y,,"26,117",AMP IMPLEMENTED,03/01/1980,IMPROVE CATEGORY,0205113,"1,356",0,
AZ,LLAZG01000,SAFFORD FIELD OFFICE,51140,FAN,Y,,"8,510",AMP IMPLEMENTED,02/01/1970,IMPROVE CATEGORY,0205114,"1,200",636,
AZ,LLAZG01000,SAFFORD FIELD OFFICE,51150,JOY VALLEY,Y,,"51,790",AMP IMPLEMENTED,07/01/1971,MAINTAIN CATEGORY,0201938,"2,918",0,0
AZ,LLAZG01000,SAFFORD FIELD OFFICE,51160,MIDWAY CANYON,Y,,"4,910",AMP IMPLEMENTED,03/01/1975,MAINTAIN CATEGORY,0205116,387,200,
AZ,LLAZG01000,SAFFORD FIELD OFFICE,51180,MURCHISON,Y,,"49,947",AMP IMPLEMENTED,03/01/1973,MAINTAIN CATEGORY,0205118,"3,120",324,
AZ,LLAZG01000,SAFFORD FIELD OFFICE,51190,FLYING W,Y,,"3,840",,,IMPROVE CATEGORY,0205119,432,444,
AZ,LLAZG01000,SAFFORD FIELD OFFICE,51230,SALTBUSH,Y,,40,,,CUSTODIAL CATEGORY,0205183,12,,
AZ,LLAZG01000,SAFFORD FIELD OFFICE,51240,SAN SIMON,Y,,530,,,CUSTODIAL CATEGORY,0205124,36,,
AZ,LLAZG01000,SAFFORD FIELD OFFICE,51250,ROOSTERCOMB,Y,,"33,319",,,IMPROVE CATEGORY,0205125,"2,160",461,
AZ,LLAZG01000,SAFFORD FIELD OFFICE,51260,CAMELS BACK,Y,,620,,,CUSTODIAL CATEGORY,0205126,96,,
AZ,LLAZG01000,SAFFORD FIELD OFFICE,51270,CEDAR SPRING,Y,,"1,788",AMP IMPLEMENTED,10/01/1982,MAINTAIN CATEGORY,0200022,456,0,
AZ,LLAZG01000,SAFFORD FIELD OFFICE,51280,SIMMONS PEAK,Y,,"3,700",,,IMPROVE CATEGORY,,,,
AZ,LLAZG01000,SAFFORD FIELD OFFICE,51290,EAST CANYON,Y,,"1,650",,,IMPROVE CATEGORY,0205129,204,102,
AZ,LLAZG01000,SAFFORD FIELD OFFICE,51300,CEMENT CANYON,Y,,"4,309",,,IMPROVE CATEGORY,0205130,306,234,
AZ,LLAZG01000,SAFFORD FIELD OFFICE,51310,ROUGH MTN,Y,,"12,063",AMP IMPLEMENTED,09/25/1990,IMPROVE CATEGORY,0201755,"1,116",,
AZ,LLAZG01000,SAFFORD FIELD OFFICE,51320,HAPPY CAMP,Y,,"1,980",AMP IMPLEMENTED,04/01/1982,MAINTAIN CATEGORY,0201791,186,258,
AZ,LLAZG01000,SAFFORD FIELD OFFICE,51330,SHEEP CANYON,Y,,"4,340",AMP IMPLEMENTED,03/01/1986,IMPROVE CATEGORY,0202481,693,0,0
AZ,LLAZG01000,SAFFORD FIELD OFFICE,51340,EMIGRANT CANYON,Y,,240,AMP IMPLEMENTED,10/01/1981,CUSTODIAL CATEGORY,0201779,12,0,
AZ,LLAZG01000,SAFFORD FIELD OFFICE,51350,SHOP,Y,,320,,,CUSTODIAL CATEGORY,0205135,24,,
AZ,LLAZG01000,SAFFORD FIELD OFFICE,51360,OIL WELL,Y,,"2,240",CMP IMPLEMENTED,07/28/2011,CUSTODIAL CATEGORY,0201779,104,,
AZ,LLAZG01000,SAFFORD FIELD OFFICE,51380,VANAR,Y,,"17,866",AMP IMPLEMENTED,09/15/1981,MAINTAIN CATEGORY,0205138,432,717,
AZ,LLAZG01000,SAFFORD FIELD OFFICE,51400,IVANHOE,Y,,"1,710",AMP IMPLEMENTED,03/01/1981,MAINTAIN CATEGORY,0205140,432,,
AZ,LLAZG01000,SAFFORD FIELD OFFICE,51410,SIPHON CANYON,Y,,692,,,CUSTODIAL CATEGORY,0205141,60,96,
AZ,LLAZG01000,SAFFORD FIELD OFFICE,51420,NINE MILE,Y,,"1,570",AMP IMPLEMENTED,08/01/1981,IMPROVE CATEGORY,0205142,96,0,0
AZ,LLAZG01000,SAFFORD FIELD OFFICE,51430,HYL,Y,,"3,730",AMP IMPLEMENTED,04/01/1979,MAINTAIN CATEGORY,0201552,891,0,
AZ,LLAZG01000,SAFFORD FIELD OFFICE,51500,WHITETAIL,Y,,"7,360",AMP IMPLEMENTED,07/01/1983,IMPROVE CATEGORY,0205150,336,172,
AZ,LLAZG01000,SAFFORD FIELD OFFICE,51510,CLAYTON,Y,,"3,198",AMP IMPLEMENTED,08/01/1981,MAINTAIN CATEGORY,0201798,190,,
AZ,LLAZG01000,SAFFORD FIELD OFFICE,51520,BRUSHY CANYON,Y,,"4,200",AMP IMPLEMENTED,09/01/1981,IMPROVE CATEGORY,0201979,150,133,
AZ,LLAZG01000,SAFFORD FIELD OFFICE,51540,HAYSTACK,Y,,710,CMP IMPLEMENTED,08/15/2011,CUSTODIAL CATEGORY,0205154,36,130,
AZ,LLAZG01000,SAFFORD FIELD OFFICE,51550,NIPPERS-(BLUE MTN),Y,,"2,300",CMP IMPLEMENTED,08/15/2011,IMPROVE CATEGORY,0205155,144,90,0
AZ,LLAZG01000,SAFFORD FIELD OFFICE,51560,OAK CREEK,Y,,"2,240",CMP IMPLEMENTED,08/15/2011,IMPROVE CATEGORY,0205156,75,173,0
AZ,LLAZG01000,SAFFORD FIELD OFFICE,51570,MIDWAY,Y,,"2,510",CMP IMPLEMENTED,08/15/2011,MAINTAIN CATEGORY,0200976,83,,
AZ,LLAZG01000,SAFFORD FIELD OFFICE,51580,PARADISE,Y,,823,AMP IMPLEMENTED,01/01/1985,CUSTODIAL CATEGORY,0205158,168,,
AZ,LLAZG01000,SAFFORD FIELD OFFICE,51600,CAVE CREEK,Y,,720,,,CUSTODIAL CATEGORY,0205160,36,36,
AZ,LLAZG01000,SAFFORD FIELD OFFICE,51610,RODEO RIVER,Y,,640,AMP IMPLEMENTED,08/01/1985,CUSTODIAL CATEGORY,0205161,84,0,
AZ,LLAZG01000,SAFFORD FIELD OFFICE,51620,RED MOUNTAIN,Y,,290,,,CUSTODIAL CATEGORY,0205162,24,0,
AZ,LLAZG01000,SAFFORD FIELD OFFICE,51640,RED WING RANCH,Y,,"1,900",AMP IMPLEMENTED,10/01/1982,MAINTAIN CATEGORY,0205164,432,,
AZ,LLAZG01000,SAFFORD FIELD OFFICE,51650,SMALL,Y,,80,,,CUSTODIAL CATEGORY,0205118,0,0,
AZ,LLAZG01000,SAFFORD FIELD OFFICE,51670,FOOTE WASH,Y,,200,,,CUSTODIAL CATEGORY,0205167,0,0,
AZ,LLAZG01000,SAFFORD FIELD OFFICE,51690,GRIPE,Y,,770,,,CUSTODIAL CATEGORY,0205169,0,0,
AZ,LLAZG01000,SAFFORD FIELD OFFICE,51730,DANKWORTH,Y,,120,,,CUSTODIAL CATEGORY,0205173,12,,
AZ,LLAZG01000,SAFFORD FIELD OFFICE,51760,ROYCE,Y,,120,,,CUSTODIAL CATEGORY,0205176,0,0,
AZ,LLAZG01000,SAFFORD FIELD OFFICE,51790,WILLOW,Y,,"6,290",,,CUSTODIAL CATEGORY,,,,
AZ,LLAZG01000,SAFFORD FIELD OFFICE,51800,MUSKHOG,Y,,974,AMP IMPLEMENTED,10/01/1982,MAINTAIN CATEGORY,0205127,84,0,0
AZ,LLAZG01000,SAFFORD FIELD OFFICE,51810,HACKBERRY,Y,,"4,434",AMP IMPLEMENTED,03/01/1986,CUSTODIAL CATEGORY,0202095,420,,
AZ,LLAZG01000,SAFFORD FIELD OFFICE,52030,ALLAIRE,Y,,160,,,CUSTODIAL CATEGORY,0205203,9,,
AZ,LLAZG01000,SAFFORD FIELD OFFICE,52070,BOSS,Y,,400,,,CUSTODIAL CATEGORY,0205207,48,,
AZ,LLAZG01000,SAFFORD FIELD OFFICE,52090,SILVER CREEK,Y,,280,,,CUSTODIAL CATEGORY,0202099,60,0,
AZ,LLAZG01000,SAFFORD FIELD OFFICE,52100,ADAMS PEAK,Y,,254,,,CUSTODIAL CATEGORY,0205210,24,,
AZ,LLAZG01000,SAFFORD FIELD OFFICE,52160,PAT HILLS,Y,,80,,,CUSTODIAL CATEGORY,0205216,15,,
AZ,LLAZG01000,SAFFORD FIELD OFFICE,52180,BIDIGIN,Y,,"1,202",,,CUSTODIAL CATEGORY,0201409,108,,
AZ,LLAZG01000,SAFFORD FIELD OFFICE,52200,MONZINGO,Y,,20,,,CUSTODIAL CATEGORY,0205220,3,,
AZ,LLAZG01000,SAFFORD FIELD OFFICE,52210,HOPKINS,Y,,480,,,CUSTODIAL CATEGORY,0201757,48,,
AZ,LLAZG01000,SAFFORD FIELD OFFICE,52220,D'AMICO,Y,,380,,,CUSTODIAL CATEGORY,0201408,22,,
AZ,LLAZG01000,SAFFORD FIELD OFFICE,52250,MUD SPRINGS,Y,,"1,044",,,CUSTODIAL CATEGORY,0201568,60,,
AZ,LLAZG01000,SAFFORD FIELD OFFICE,52280,TWIST,Y,,937,,,CUSTODIAL CATEGORY,0200046,132,0,
AZ,LLAZG01000,SAFFORD FIELD OFFICE,52300,OWENS,Y,,264,,,CUSTODIAL CATEGORY,0200126,49,0,
AZ,LLAZG01000,SAFFORD FIELD OFFICE,52340,FLANDERS,Y,,160,,,CUSTODIAL CATEGORY,0205234,9,,
AZ,LLAZG01000,SAFFORD FIELD OFFICE,52370,GLEN,Y,,103,,,CUSTODIAL CATEGORY,0205237,14,,
AZ,LLAZG01000,SAFFORD FIELD OFFICE,52380,BUCKHORN RANCH,Y,,480,,,CUSTODIAL CATEGORY,0205238,39,,
AZ,LLAZG01000,SAFFORD FIELD OFFICE,52430,HUSBAND,Y,,800,,,CUSTODIAL CATEGORY,0205243,75,,
AZ,LLAZG01000,SAFFORD FIELD OFFICE,52440,"GUADALUPE WEST, AZ",Y,,"7,085",AMP IMPLEMENTED,11/26/1990,IMPROVE CATEGORY,0200062,"1,560",,
AZ,LLAZG01000,SAFFORD FIELD OFFICE,52490,SWISS HELM,Y,,884,,,CUSTODIAL CATEGORY,0205249,70,,
AZ,LLAZG01000,SAFFORD FIELD OFFICE,52540,SYCAMORE,Y,,"1,147",,,MAINTAIN CATEGORY,0205254,257,,
AZ,LLAZG01000,SAFFORD FIELD OFFICE,52620,MOORE,Y,,327,,,CUSTODIAL CATEGORY,0205262,31,,
AZ,LLAZG01000,SAFFORD FIELD OFFICE,52720,WALDEN,Y,,80,,,CUSTODIAL CATEGORY,0200863,12,,
AZ,LLAZG01000,SAFFORD FIELD OFFICE,52730,ROGER RIGGS ALLOT.,Y,,424,,,CUSTODIAL CATEGORY,0205273,80,,
AZ,LLAZG01000,SAFFORD FIELD OFFICE,52750,GEORGE ROGERS ALLOT.,Y,,516,,,CUSTODIAL CATEGORY,0200091,48,0,
AZ,LLAZG01000,SAFFORD FIELD OFFICE,52760,MYRL ROLL ALLOTMENT,Y,,480,,,CUSTODIAL CATEGORY,0201969,54,,
AZ,LLAZG01000,SAFFORD FIELD OFFICE,52790,RONALD SEARLE ALLOT.,Y,,373,CMP IMPLEMENTED,08/15/2011,CUSTODIAL CATEGORY,0200125,56,,
AZ,LLAZG01000,SAFFORD FIELD OFFICE,52810,BEN SNURE ALLOTMENT,Y,,560,,,CUSTODIAL CATEGORY,0205281,108,,
AZ,LLAZG01000,SAFFORD FIELD OFFICE,52850,MOORE,Y,,40,,,CUSTODIAL CATEGORY,0205285,7,,
AZ,LLAZG01000,SAFFORD FIELD OFFICE,52860,WIEGAND,Y,,360,,,CUSTODIAL CATEGORY,0205286,19,,
AZ,LLAZG01000,SAFFORD FIELD OFFICE,52910,JACKSON,Y,,453,,,CUSTODIAL CATEGORY,0205291,48,,
AZ,LLAZG01000,SAFFORD FIELD OFFICE,52930,TOWENS,Y,,718,,,CUSTODIAL CATEGORY,,,,
AZ,LLAZG01000,SAFFORD FIELD OFFICE,52940,RED BIRD HILLS,Y,,"1,190",,,CUSTODIAL CATEGORY,0201293,216,0,
AZ,LLAZG01000,SAFFORD FIELD OFFICE,54040,STARLIGHT,Y,,"1,855",,,CUSTODIAL CATEGORY,0205404,300,,
AZ,LLAZG01000,SAFFORD FIELD OFFICE,54100,ADAMS PEAK,Y,,793,,,CUSTODIAL CATEGORY,0205410,96,,
AZ,LLAZG01000,SAFFORD FIELD OFFICE,54120,MCGOFFIN,Y,,366,,,CUSTODIAL CATEGORY,0205412,60,,
AZ,LLAZG02000,TUCSON FO,00053,SAN PEDRO RNCA,Y,,"49,177",,,UNCLASSIFIED,,,,
AZ,LLAZG02000,TUCSON FO,06000,NEWMAN PEAK,Y,,"6,394",,,CUSTODIAL CATEGORY,0202600,63,,
AZ,LLAZG02000,TUCSON FO,06001,TWIN BUTTES,Y,,"2,380",,,CUSTODIAL CATEGORY,0200033,264,,
AZ,LLAZG02000,TUCSON FO,06003,ARIVACA,Y,,"1,564",,,CUSTODIAL CATEGORY,0201413,324,,
AZ,LLAZG02000,TUCSON FO,06004,DURHAM WASH,Y,,280,,,CUSTODIAL CATEGORY,0200012,32,0,
AZ,LLAZG02000,TUCSON FO,06006,BALCOM,Y,,"2,902",,,CUSTODIAL CATEGORY,0200060,432,,
AZ,LLAZG02000,TUCSON FO,06015,ASH MOUNTAIN,Y,,586,,,CUSTODIAL CATEGORY,0202615,72,,
AZ,LLAZG02000,TUCSON FO,06016,TROY,Y,,"4,370",,,MAINTAIN CATEGORY,0202616,883,,
AZ,LLAZG02000,TUCSON FO,06018,MARTINEZ WASH,Y,,200,,,CUSTODIAL CATEGORY,0202618,42,,
AZ,LLAZG02000,TUCSON FO,06022,FRESNAL CANYON,Y,,600,,,CUSTODIAL CATEGORY,0202622,72,,
AZ,LLAZG02000,TUCSON FO,06023,CERRO COLORADO,Y,,"1,780",,,CUSTODIAL CATEGORY,0200118,336,,
AZ,LLAZG02000,TUCSON FO,06025,HELVETIA,Y,,"1,114",,,CUSTODIAL CATEGORY,0201214,156,,
AZ,LLAZG02000,TUCSON FO,06031,THOMAS CANYON,Y,,344,,,CUSTODIAL CATEGORY,0202632,36,,
AZ,LLAZG02000,TUCSON FO,06032,WHITLOW,Y,,"7,710",,,MAINTAIN CATEGORY,0202633,588,0,
AZ,LLAZG02000,TUCSON FO,06039,COYOTE,Y,,"11,227",AMP PROPOSED,,MAINTAIN CATEGORY,0202640,"1,164",,
AZ,LLAZG02000,TUCSON FO,06040,LA TORTUGA,Y,,"7,704",,,MAINTAIN CATEGORY,0202641,432,0,0
AZ,LLAZG02000,TUCSON FO,06042,INDIAN CAMP,Y,,"4,678",,,MAINTAIN CATEGORY,0201962,432,,
AZ,LLAZG02000,TUCSON FO,06059,BATTLE AXE,Y,,"13,113",AMP WRITTEN,,MAINTAIN CATEGORY,0200112,"1,560",0,0
AZ,LLAZG02000,TUCSON FO,06062,OLSEN WASH,Y,,40,,,CUSTODIAL CATEGORY,0202663,12,,
AZ,LLAZG02000,TUCSON FO,06067,RAFTER SIX,Y,,"15,855",AMP PROPOSED,,MAINTAIN CATEGORY,0200877,"1,664",0,
AZ,LLAZG02000,TUCSON FO,06078,HAYDON,Y,,520,,,CUSTODIAL CATEGORY,0202180,61,,
AZ,LLAZG02000,TUCSON FO,06083,OWL HEAD,Y,,"12,388",,,MAINTAIN CATEGORY,0202684,"1,020",0,
AZ,LLAZG02000,TUCSON FO,06085,SAN LUIS MOUNTAIN,Y,,408,,,CUSTODIAL CATEGORY,0202686,84,,
AZ,LLAZG02000,TUCSON FO,06089,BABOQUIVARI,Y,,839,,,MAINTAIN CATEGORY,,,,
AZ,LLAZG02000,TUCSON FO,06093,HAY HOOK,Y,,"4,762",,,MAINTAIN CATEGORY,0200115,384,,
AZ,LLAZG02000,TUCSON FO,06099,SLEEPING BEAUTY MTN.,Y,,151,,,CUSTODIAL CATEGORY,0202700,121,0,0
AZ,LLAZG02000,TUCSON FO,06100,ANVIL,Y,,"2,577",,,CUSTODIAL CATEGORY,0202701,144,,
AZ,LLAZG02000,TUCSON FO,06101,HILL TOP,Y,,693,,,IMPROVE CATEGORY,0202702,84,,
AZ,LLAZG02000,TUCSON FO,06111,HORSETRACK,Y,,"9,923",,,MAINTAIN CATEGORY,0200004,"1,224",0,
AZ,LLAZG02000,TUCSON FO,06113,COCHRAN,Y,,726,,,CUSTODIAL CATEGORY,0200005,168,0,
AZ,LLAZG02000,TUCSON FO,06115,DEMETRIE WASH,Y,,215,,,CUSTODIAL CATEGORY,0202716,24,,
AZ,LLAZG02000,TUCSON FO,06117,KEARNY,Y,,"1,038",,,CUSTODIAL CATEGORY,0202661,108,,
AZ,LLAZG02000,TUCSON FO,06119,BLACK HILLS,Y,,"3,082",,,CUSTODIAL CATEGORY,0202720,408,,
AZ,LLAZG02000,TUCSON FO,06120,A DIAMOND,Y,,"6,336",,,MAINTAIN CATEGORY,0200052,696,0,0
AZ,LLAZG02000,TUCSON FO,06121,RAIL X,Y,,440,,,CUSTODIAL CATEGORY,0202722,40,,
AZ,LLAZG02000,TUCSON FO,06123,WILLOW SPRINGS,Y,,480,AMP PROPOSED,,CUSTODIAL CATEGORY,0202724,96,0,
AZ,LLAZG02000,TUCSON FO,06124,ANTELOPE,Y,,320,,,CUSTODIAL CATEGORY,0202725,36,,
AZ,LLAZG02000,TUCSON FO,06125,HACKBERRY WASH,Y,,"2,300",,,CUSTODIAL CATEGORY,0200083,216,0,
AZ,LLAZG02000,TUCSON FO,06130,BRAWLEY WASH,Y,,40,,,CUSTODIAL CATEGORY,0202608,2,,
AZ,LLAZG02000,TUCSON FO,06132,MYERS,Y,,"1,280",AMP PROPOSED,,MAINTAIN CATEGORY,0202733,564,,
AZ,LLAZG02000,TUCSON FO,06133,GUNNERY,Y,,"1,185",,,IMPROVE CATEGORY,0200865,108,,
AZ,LLAZG02000,TUCSON FO,06137,THREE PEAKS,Y,,592,,,CUSTODIAL CATEGORY,0202738,84,,
AZ,LLAZG02000,TUCSON FO,06144,CROSS TRIANGLE,Y,,"23,956",,,CUSTODIAL CATEGORY,0202745,"2,277",0,
AZ,LLAZG02000,TUCSON FO,06151,GUILD WASH,Y,,"4,364",CMP IMPLEMENTED,08/30/2012,CUSTODIAL CATEGORY,0200109,,0,0
AZ,LLAZG02000,TUCSON FO,06168,TEACUP,Y,,"27,230",,,MAINTAIN CATEGORY,0202633,"3,060",0,
AZ,LLAZG02000,TUCSON FO,06175,ELKHORN,Y,,863,,,CUSTODIAL CATEGORY,0202852,132,,
AZ,LLAZG02000,TUCSON FO,06186,ARROYO SECO,Y,,"3,766",,,CUSTODIAL CATEGORY,0200118,780,,
AZ,LLAZG02000,TUCSON FO,06191,GUNSIGHT MOUNTAIN,Y,,693,,,CUSTODIAL CATEGORY,0202792,120,,
AZ,LLAZG02000,TUCSON FO,06197,LEN,Y,,"25,553",,,MAINTAIN CATEGORY,0202798,"2,964",,
AZ,LLAZG02000,TUCSON FO,06198,SIERRITA,Y,,"2,674",,,CUSTODIAL CATEGORY,0202799,348,,
AZ,LLAZG02000,TUCSON FO,06199,MOORE CANYON,Y,,760,,,CUSTODIAL CATEGORY,0205200,96,,
AZ,LLAZG02000,TUCSON FO,06200,THREE POINTS,Y,,199,,,CUSTODIAL CATEGORY,0201579,33,,
AZ,LLAZG02000,TUCSON FO,06204,DIAMOND BELL,Y,,798,,,CUSTODIAL CATEGORY,0201806,72,,
AZ,LLAZG02000,TUCSON FO,06208,TWIN BUTTES #2,Y,,549,,,CUSTODIAL CATEGORY,0202809,84,,
AZ,LLAZG02000,TUCSON FO,06211,DEEP WELL,Y,,320,,,CUSTODIAL CATEGORY,0202811,24,,
AZ,LLAZG02000,TUCSON FO,06221,SMITH WASH,Y,,"5,726",,,MAINTAIN CATEGORY,0201355,552,0,
AZ,LLAZG02000,TUCSON FO,06244,BOX O,Y,,"14,871",,,MAINTAIN CATEGORY,0200085,"1,428",0,
AZ,LLAZG02000,TUCSON FO,06251,STEAMBOAT,Y,,"11,087",,,MAINTAIN CATEGORY,0202844,"1,024",0,
AZ,LLAZG02000,TUCSON FO,44140,A7 RANCH,Y,,80,,,CUSTODIAL CATEGORY,0200110,12,,
AZ,LLAZG02000,TUCSON FO,44150,TRES ALAMOS,Y,,160,,,CUSTODIAL CATEGORY,0200029,12,,
AZ,LLAZG02000,TUCSON FO,45010,PIONEER MOUNTAIN,Y,,745,AMP IMPLEMENTED,08/01/1982,CUSTODIAL CATEGORY,0204501,129,,
AZ,LLAZG02000,TUCSON FO,45020,SILVER CREEK,Y,,"1,402",AMP IMPLEMENTED,08/01/1982,CUSTODIAL CATEGORY,0201081,132,84,
AZ,LLAZG02000,TUCSON FO,45030,VICTORY CROSS,Y,,"3,017",AMP IMPLEMENTED,10/21/1987,MAINTAIN CATEGORY,0200087,411,0,0
AZ,LLAZG02000,TUCSON FO,45040,EL CAPITAN,Y,,680,AMP IMPLEMENTED,03/01/1981,CUSTODIAL CATEGORY,0204504,60,29,
AZ,LLAZG02000,TUCSON FO,45050,PONDEROSA,Y,,902,AMP IMPLEMENTED,10/01/1982,CUSTODIAL CATEGORY,0204505,60,,
AZ,LLAZG02000,TUCSON FO,45060,GILSON WASH,Y,,490,AMP IMPLEMENTED,08/01/1982,CUSTODIAL CATEGORY,0201950,36,47,
AZ,LLAZG02000,TUCSON FO,45070,DRIPPING SPRINGS,Y,,"13,854",,,IMPROVE CATEGORY,0201794,"1,493",,
AZ,LLAZG02000,TUCSON FO,45080,LIMESTONE,Y,,"8,291",,,MAINTAIN CATEGORY,0204508,596,123,
AZ,LLAZG02000,TUCSON FO,45090,MESCAL MOUNTAIN,Y,,"12,167",,,MAINTAIN CATEGORY,0204509,"1,235",150,
AZ,LLAZG02000,TUCSON FO,45110,CHRISTMAS,Y,,"5,690",,,IMPROVE CATEGORY,0200063,496,0,0
AZ,LLAZG02000,TUCSON FO,45120,HI-Y,Y,,"1,200",,,CUSTODIAL CATEGORY,0204512,111,,
AZ,LLAZG02000,TUCSON FO,45130,HIDALGO,Y,,"12,848",,,MAINTAIN CATEGORY,0204513,980,996,
AZ,LLAZG02000,TUCSON FO,45140,PIPER SPRING,Y,,"5,300",,,MAINTAIN CATEGORY,0204514,,0,
AZ,LLAZG02000,TUCSON FO,45160,DUDLEYVILLE,Y,,"2,119",AMP IMPLEMENTED,01/01/1983,CUSTODIAL CATEGORY,0204516,108,,
AZ,LLAZG02000,TUCSON FO,45170,MALPAIS HILL,Y,,80,,,CUSTODIAL CATEGORY,0204517,,0,
AZ,LLAZG02000,TUCSON FO,45320,MASSACRE,Y,,606,AMP IMPLEMENTED,11/01/1983,CUSTODIAL CATEGORY,0201983,24,48,
AZ,LLAZG02000,TUCSON FO,45330,ZAPATA,Y,,596,AMP IMPLEMENTED,07/01/1982,CUSTODIAL CATEGORY,0201898,24,,
AZ,LLAZG02000,TUCSON FO,45340,DRY CAMP,Y,,598,AMP WRITTEN,,CUSTODIAL CATEGORY,0201481,12,,
AZ,LLAZG02000,TUCSON FO,45350,TIGER,Y,,759,AMP IMPLEMENTED,05/11/1994,CUSTODIAL CATEGORY,0204535,48,,
AZ,LLAZG02000,TUCSON FO,45390,HOTWELL,Y,,"3,526",AMP IMPLEMENTED,08/01/1982,CUSTODIAL CATEGORY,0200057,192,,
AZ,LLAZG02000,TUCSON FO,45420,ESKIMINZIN,Y,,"2,281",,,CUSTODIAL CATEGORY,0204542,1,,
AZ,LLAZG02000,TUCSON FO,45440,GOVERNMENT SPRING,Y,,120,,,CUSTODIAL CATEGORY,0200011,24,,
AZ,LLAZG02000,TUCSON FO,46430,WHITEWATER DRAW,Y,,40,,,CUSTODIAL CATEGORY,0204643,12,,
AZ,LLAZG02000,TUCSON FO,52010,ADAMS RANCH,Y,,720,,,IMPROVE CATEGORY,0205201,80,,
AZ,LLAZG02000,TUCSON FO,52040,BACH,Y,,381,,,CUSTODIAL CATEGORY,0205204,72,,
AZ,LLAZG02000,TUCSON FO,52050,SPRING CREEK,Y,,"4,431",,,MAINTAIN CATEGORY,0205205,516,,
AZ,LLAZG02000,TUCSON FO,52110,MEXICAN HAT MOUNTAIN,Y,,"1,293",,,CUSTODIAL CATEGORY,0200035,219,,
AZ,LLAZG02000,TUCSON FO,52130,CARTER,Y,,"1,221",,,CUSTODIAL CATEGORY,0205213,92,,
AZ,LLAZG02000,TUCSON FO,52170,CHRISTIANSEN,Y,,"1,910",,,CUSTODIAL CATEGORY,0201775,213,,
AZ,LLAZG02000,TUCSON FO,52190,CLEVELAND,Y,,282,,,CUSTODIAL CATEGORY,0205219,24,,
AZ,LLAZG02000,TUCSON FO,52230,COWAN,Y,,80,,,CUSTODIAL CATEGORY,0205223,12,,
AZ,LLAZG02000,TUCSON FO,52240,H.C. RANCH,Y,,330,,,CUSTODIAL CATEGORY,0205224,20,,
AZ,LLAZG02000,TUCSON FO,52260,MONZINGO,Y,,"1,858",,,CUSTODIAL CATEGORY,0205226,105,,
AZ,LLAZG02000,TUCSON FO,52270,SANDY BOB,Y,,"4,840",,,MAINTAIN CATEGORY,0205227,636,,
AZ,LLAZG02000,TUCSON FO,52310,SPRING CANYON,Y,,91,,,CUSTODIAL CATEGORY,0200098,17,,
AZ,LLAZG02000,TUCSON FO,52330,47 RANCH,Y,,"2,445",,,CUSTODIAL CATEGORY,0200039,48,0,
AZ,LLAZG02000,TUCSON FO,52350,HARRIS,Y,,"1,159",,,CUSTODIAL CATEGORY,0205235,131,,
AZ,LLAZG02000,TUCSON FO,52390,GRIZZLE,Y,,139,,,CUSTODIAL CATEGORY,0205239,24,,
AZ,LLAZG02000,TUCSON FO,52400,SUSNOW,Y,,118,,,CUSTODIAL CATEGORY,0205240,24,0,0
AZ,LLAZG02000,TUCSON FO,52410,HOWARD,Y,,120,,,CUSTODIAL CATEGORY,0205241,16,,
AZ,LLAZG02000,TUCSON FO,52420,HABERSTOCK WASH,Y,,"1,877",,,CUSTODIAL CATEGORY,0205242,176,,
AZ,LLAZG02000,TUCSON FO,52460,BROSNAN,Y,,80,,,CUSTODIAL CATEGORY,0205246,12,,
AZ,LLAZG02000,TUCSON FO,52470,N. JONES,Y,,80,,,CUSTODIAL CATEGORY,0205247,15,,
AZ,LLAZG02000,TUCSON FO,52550,MARCO,Y,,400,,,CUSTODIAL CATEGORY,0205255,22,,
AZ,LLAZG02000,TUCSON FO,52580,WILDCAT CANYON,Y,,"1,185",,,CUSTODIAL CATEGORY,0200094,228,,
AZ,LLAZG02000,TUCSON FO,52600,C. MILLER,Y,,"2,225",,,CUSTODIAL CATEGORY,0205260,96,,
AZ,LLAZG02000,TUCSON FO,52610,Q. MILLER,Y,,634,,,CUSTODIAL CATEGORY,0201805,84,0,0
AZ,LLAZG02000,TUCSON FO,52650,GOLD GULCH,Y,,"2,173",,,MAINTAIN CATEGORY,0205265,384,,
AZ,LLAZG02000,TUCSON FO,52680,RAMIREZ,Y,,992,,,MAINTAIN CATEGORY,0205268,36,,
AZ,LLAZG02000,TUCSON FO,52740,COX,Y,,"1,548",,,CUSTODIAL CATEGORY,0205274,99,,
AZ,LLAZG02000,TUCSON FO,52770,SANDS INVESTMENT,Y,,"1,700",,,CUSTODIAL CATEGORY,0202208,60,,
AZ,LLAZG02000,TUCSON FO,52780,RAINBOW'S END RANCH,Y,,378,,,CUSTODIAL CATEGORY,0200917,60,0,
AZ,LLAZG02000,TUCSON FO,52840,ALBERT THOMAS,Y,,"4,173",,,MAINTAIN CATEGORY,0205284,338,,
AZ,LLAZG02000,TUCSON FO,52870,WILBOURN,Y,,225,,,CUSTODIAL CATEGORY,0205287,12,,
AZ,LLAZG02000,TUCSON FO,52880,YUNCEVICH,Y,,80,,,CUSTODIAL CATEGORY,0205288,12,,
AZ,LLAZG02000,TUCSON FO,52950,LA ROCA,Y,,"2,503",,,CUSTODIAL CATEGORY,0205295,84,,
AZ,LLAZG02000,TUCSON FO,52970,RAIN VALLEY RANCH,Y,,160,,,CUSTODIAL CATEGORY,0205297,12,,
AZ,LLAZG02000,TUCSON FO,54160,SHEEP WASH,Y,,306,,,CUSTODIAL CATEGORY,0202438,48,,
AZ,LLAZG02100,LAS CIENEGAS NCA,01370,CLYNE RANCH,Y,,640,AMP PROPOSED,,MAINTAIN CATEGORY,0201403,144,0,
AZ,LLAZG02100,LAS CIENEGAS NCA,06043,ROSE TREE,Y,,"3,950",,,MAINTAIN CATEGORY,0202660,"1,104",,
AZ,LLAZG02100,LAS CIENEGAS NCA,06090,EMPIRE CIENEGA,Y,,"36,684",AMP IMPLEMENTED,03/01/1995,MAINTAIN CATEGORY,0201776,"8,460",0,0
AZ,LLAZG02100,LAS CIENEGAS NCA,06129,VERA EARL,Y,,"1,440",,,MAINTAIN CATEGORY,0202853,324,,
AZ,LLAZG02100,LAS CIENEGAS NCA,06210,EMPIRITA,Y,,"1,520",,,MAINTAIN CATEGORY,0201947,108,,
AZ,LLAZG02100,LAS CIENEGAS NCA,06259,MOUNT BRUCE,Y,,240,AMP PROPOSED,,MAINTAIN CATEGORY,0201404,72,0,
AZ,LLAZG02200,SAN PEDRO RIPARIAN NCA,52080,BABOCOMARI,Y,,"1,816",AMP IMPLEMENTED,03/21/1990,MAINTAIN CATEGORY,0205208,180,,
AZ,LLAZG02200,SAN PEDRO RIPARIAN NCA,52320,THREE BROTHERS,Y,,"2,691",,,MAINTAIN CATEGORY,0201914,192,0,
AZ,LLAZG02200,SAN PEDRO RIPARIAN NCA,52510,BRUNCKOW HILL,Y,,"1,038",AMP IMPLEMENTED,03/22/1990,MAINTAIN CATEGORY,0205251,84,,
AZ,LLAZG02200,SAN PEDRO RIPARIAN NCA,52520,LUCKY HILLS,Y,,"9,448",,,MAINTAIN CATEGORY,0201435,"1,080",,
AZ,LLAZG03000,IRONWOOD FOREST NM,00112,KING,Y,,"12,737",,,MAINTAIN CATEGORY,0201354,"1,452",,
AZ,LLAZG03000,IRONWOOD FOREST NM,06010,BLANCO WASH,Y,,"2,278",,,MAINTAIN CATEGORY,0201815,200,0,0
AZ,LLAZG03000,IRONWOOD FOREST NM,06020,COCORAQUE,Y,,"9,181",AMP IMPLEMENTED,02/01/1989,MAINTAIN CATEGORY,0202620,527,,
AZ,LLAZG03000,IRONWOOD FOREST NM,06029,CLAFLIN,Y,,"7,800",,,MAINTAIN CATEGORY,0202718,437,0,0
AZ,LLAZG03000,IRONWOOD FOREST NM,06060,MORNING STAR,Y,,"16,430",AMP IMPLEMENTED,01/19/1972,MAINTAIN CATEGORY,0202676,,0,
AZ,LLAZG03000,IRONWOOD FOREST NM,06060,MORNING STAR,Y,,"16,430",AMP IMPLEMENTED,01/19/1972,MAINTAIN CATEGORY,0202718,1,,
AZ,LLAZG03000,IRONWOOD FOREST NM,06068,SAWTOOTH MOUNTAIN,Y,,"32,127",,,MAINTAIN CATEGORY,0202669,"2,328",0,0
AZ,LLAZG03000,IRONWOOD FOREST NM,06075,EL TIRO,Y,,"3,550",,,MAINTAIN CATEGORY,0202676,199,0,0
AZ,LLAZG03000,IRONWOOD FOREST NM,06077,TEJON PASS,Y,,"11,591",AMP IMPLEMENTED,01/19/1972,MAINTAIN CATEGORY,0202676,,0,
AZ,LLAZG03000,IRONWOOD FOREST NM,06102,OLD SASCO,Y,,"4,471",,,MAINTAIN CATEGORY,0201078,384,,
AZ,LLAZG03000,IRONWOOD FOREST NM,06126,AGUA DULCE,Y,,"16,139",AMP IMPLEMENTED,10/01/1988,MAINTAIN CATEGORY,0202727,814,0,0
AZ,LLAZG03000,IRONWOOD FOREST NM,06183,AGUA BLANCA,Y,,"14,419",,,MAINTAIN CATEGORY,0202784,"1,356",0,0
AZ,LLAZG03000,IRONWOOD FOREST NM,06203,SILVERBELL,Y,,"4,555",,,MAINTAIN CATEGORY,0202804,351,,
AZ,LLAZP01000,HASSAYAMPA FO,00069,ARROW Y (3),Y,,"13,870",,,MAINTAIN CATEGORY,0201766,"2,151",0,0
AZ,LLAZP01000,HASSAYAMPA FO,00084,ARROW Y (15),Y,,"2,670",,,CUSTODIAL CATEGORY,0201768,204,0,0
AZ,LLAZP01000,HASSAYAMPA FO,00085,R AND E PARK LEASE,Y,,"1,058",,,CUSTODIAL CATEGORY,0201768,144,0,0
AZ,LLAZP01000,HASSAYAMPA FO,00095,LOWER BO NINE,Y,,"1,055",AMP IMPLEMENTED,06/16/1975,CUSTODIAL CATEGORY,0202087,60,,
AZ,LLAZP01000,HASSAYAMPA FO,00101,C O BAR,Y,,746,,,CUSTODIAL CATEGORY,0202101,792,,
AZ,LLAZP01000,HASSAYAMPA FO,00102,CHAMBERS LEASE,Y,,852,,,CUSTODIAL CATEGORY,0202102,132,,
AZ,LLAZP01000,HASSAYAMPA FO,00104,GLOBE RANCH,Y,,"1,274",,,CUSTODIAL CATEGORY,0202104,240,,
AZ,LLAZP01000,HASSAYAMPA FO,00109,RIDGEWAY-KONG,Y,,241,,,CUSTODIAL CATEGORY,0200059,120,,
AZ,LLAZP01000,HASSAYAMPA FO,03000,AGUILA,Y,,"207,505",,,IMPROVE CATEGORY,0201761,"5,073",0,
AZ,LLAZP01000,HASSAYAMPA FO,03006,BABCOCK,Y,,"22,649",AMP IMPLEMENTED,09/01/1983,MAINTAIN CATEGORY,0201896,"1,011",,
AZ,LLAZP01000,HASSAYAMPA FO,03008,BIALAC,Y,,"9,262",,,CUSTODIAL CATEGORY,0201816,,0,
AZ,LLAZP01000,HASSAYAMPA FO,03010,KENNEDY,Y,,"1,900",,,CUSTODIAL CATEGORY,0202310,360,,
AZ,LLAZP01000,HASSAYAMPA FO,03011,CACTUS GARDEN,Y,,"10,148",,,MAINTAIN CATEGORY,0202234,"1,098",0,
AZ,LLAZP01000,HASSAYAMPA FO,03014,CENTRAL AZ RANCH CO,Y,,"36,292",,,MAINTAIN CATEGORY,0202314,"2,329",0,
AZ,LLAZP01000,HASSAYAMPA FO,03015,CARTER-HERRERA,Y,,"22,398",,,IMPROVE CATEGORY,0200021,512,0,
AZ,LLAZP01000,HASSAYAMPA FO,03019,CONGRESS,Y,,"20,447",AMP IMPLEMENTED,03/01/1999,MAINTAIN CATEGORY,0202319,"3,242",,
AZ,LLAZP01000,HASSAYAMPA FO,03021,CROSS MOUNTAIN,Y,,220,,,CUSTODIAL CATEGORY,0202321,12,,
AZ,LLAZP01000,HASSAYAMPA FO,03025,DESERT HILLS,Y,,"5,911",AMP IMPLEMENTED,11/11/1978,MAINTAIN CATEGORY,0202325,365,0,
AZ,LLAZP01000,HASSAYAMPA FO,03026,DOUGLAS,Y,,"2,630",,,CUSTODIAL CATEGORY,0201654,144,0,
AZ,LLAZP01000,HASSAYAMPA FO,03027,EAGLE EYE,Y,,"3,852",,,CUSTODIAL CATEGORY,0202327,,0,0
AZ,LLAZP01000,HASSAYAMPA FO,03029,ECHEVERRIA,Y,,"15,463",,,IMPROVE CATEGORY,0200123,713,0,
AZ,LLAZP01000,HASSAYAMPA FO,03030,EFFUS,Y,,"14,324",,,MAINTAIN CATEGORY,0200906,"1,155",0,
AZ,LLAZP01000,HASSAYAMPA FO,03031,FLAT IRON,Y,,"7,571",,,CUSTODIAL CATEGORY,0201135,457,0,
AZ,LLAZP01000,HASSAYAMPA FO,03045,JONES,Y,,"27,019",,,MAINTAIN CATEGORY,0202479,900,,
AZ,LLAZP01000,HASSAYAMPA FO,03048,LAMBERSON,Y,,"24,710",,,MAINTAIN CATEGORY,0202265,513,,
AZ,LLAZP01000,HASSAYAMPA FO,03050,LEIDIG,Y,,"33,582",,,CUSTODIAL CATEGORY,0201134,849,,
AZ,LLAZP01000,HASSAYAMPA FO,03051,LOMA LINDA,Y,,"32,951",,,MAINTAIN CATEGORY,0201762,"1,602",,
AZ,LLAZP01000,HASSAYAMPA FO,03052,LOS CABALLEROS,Y,,"13,246",,,MAINTAIN CATEGORY,0202361,939,,
AZ,LLAZP01000,HASSAYAMPA FO,03060,OHACO,Y,,"51,253",,,IMPROVE CATEGORY,0200124,"1,476",0,
AZ,LLAZP01000,HASSAYAMPA FO,03070,WAGNER,Y,,"24,312",,,IMPROVE CATEGORY,0202381,"1,068",,
AZ,LLAZP01000,HASSAYAMPA FO,03079,SKY ARROW,Y,,"5,063",,,CUSTODIAL CATEGORY,0201766,684,0,
AZ,LLAZP01000,HASSAYAMPA FO,03081,SPROUSE,Y,,"18,913",,,CUSTODIAL CATEGORY,0202395,819,0,
AZ,LLAZP01000,HASSAYAMPA FO,03084,TURNER,Y,,"7,933",,,CUSTODIAL CATEGORY,0202399,,0,
AZ,LLAZP01000,HASSAYAMPA FO,03087,WELLIK,Y,,680,,,CUSTODIAL CATEGORY,0202402,72,0,
AZ,LLAZP01000,HASSAYAMPA FO,03095,GARCIA,Y,,"36,741",AMP IMPLEMENTED,09/01/1983,MAINTAIN CATEGORY,0202480,,0,0
AZ,LLAZP01000,HASSAYAMPA FO,05004,THOMPSON LEASE,Y,,"1,251",,,CUSTODIAL CATEGORY,0201682,144,,
AZ,LLAZP01000,HASSAYAMPA FO,05007,HASSAYAMPA LEASE,Y,,"1,980",,,CUSTODIAL CATEGORY,0202507,264,,
AZ,LLAZP01000,HASSAYAMPA FO,05008,HASSAYAMPA RIVER RAN,Y,,"1,600",,,CUSTODIAL CATEGORY,0202114,732,,
AZ,LLAZP01000,HASSAYAMPA FO,05010,SQUARE M,Y,,314,,,CUSTODIAL CATEGORY,0202510,60,,
AZ,LLAZP01000,HASSAYAMPA FO,05012,FOREPAUGH CATTLE CO.,Y,,"9,199",,,CUSTODIAL CATEGORY,0202512,888,,
AZ,LLAZP01000,HASSAYAMPA FO,05013,COOPER RANCH,Y,,"12,143",,,CUSTODIAL CATEGORY,0202513,"2,220",0,
AZ,LLAZP01000,HASSAYAMPA FO,05014,CONGRESS-SKY ARROW,Y,,479,,,MAINTAIN CATEGORY,0202514,108,,
AZ,LLAZP01000,HASSAYAMPA FO,05015,COUGHLIN,Y,,"1,722",,,CUSTODIAL CATEGORY,0202515,168,,
AZ,LLAZP01000,HASSAYAMPA FO,05016,DESERT HILLS LEASE,Y,,"10,332",,,MAINTAIN CATEGORY,0202516,432,,
AZ,LLAZP01000,HASSAYAMPA FO,05017,FORAKER,Y,,960,,,CUSTODIAL CATEGORY,0201968,180,,
AZ,LLAZP01000,HASSAYAMPA FO,05019,KIRKLAND,Y,,696,,,CUSTODIAL CATEGORY,0201889,132,,
AZ,LLAZP01000,HASSAYAMPA FO,05020,QUARTER CIRCLE J,Y,,750,,,CUSTODIAL CATEGORY,0200041,144,,
AZ,LLAZP01000,HASSAYAMPA FO,05023,HEINE,Y,,240,,,CUSTODIAL CATEGORY,0201793,24,,
AZ,LLAZP01000,HASSAYAMPA FO,05025,CHRISTOPHERSON,Y,,"8,609",,,CUSTODIAL CATEGORY,0200080,"1,367",,
AZ,LLAZP01000,HASSAYAMPA FO,05028,W DIAMOND,Y,,"1,992",,,CUSTODIAL CATEGORY,0202528,384,,
AZ,LLAZP01000,HASSAYAMPA FO,05029,BOX CANYON RANCH,Y,,510,,,CUSTODIAL CATEGORY,0202529,72,,
AZ,LLAZP01000,HASSAYAMPA FO,05030,RAFTER LAZY W RANCH,Y,,"1,375",,,CUSTODIAL CATEGORY,,,,
AZ,LLAZP01000,HASSAYAMPA FO,05032,AUZA,Y,,933,,,CUSTODIAL CATEGORY,0202532,84,,
AZ,LLAZP01000,HASSAYAMPA FO,05033,MICHAEL LEASE,Y,,"4,746",,,CUSTODIAL CATEGORY,0200918,516,0,
AZ,LLAZP01000,HASSAYAMPA FO,05035,MORALEZ,Y,,"6,822",,,MAINTAIN CATEGORY,0202535,826,0,
AZ,LLAZP01000,HASSAYAMPA FO,05040,OSO RANCH ALLOTMENT,Y,,"4,080",,,CUSTODIAL CATEGORY,0202540,768,,
AZ,LLAZP01000,HASSAYAMPA FO,05042,6Y RANCH LEASE,Y,,"3,040",,,CUSTODIAL CATEGORY,0202542,213,,
AZ,LLAZP01000,HASSAYAMPA FO,05047,A BAR V,Y,,80,,,CUSTODIAL CATEGORY,0201589,24,,
AZ,LLAZP01000,HASSAYAMPA FO,05048,WHITEHEAD,Y,,"1,598",,,CUSTODIAL CATEGORY,0202548,288,,
AZ,LLAZP01000,HASSAYAMPA FO,05049,GRANTHAM BROS. LEASE,Y,,"1,371",,,CUSTODIAL CATEGORY,0202549,156,,
AZ,LLAZP01000,HASSAYAMPA FO,06011,MAYER,Y,,"1,702",,,CUSTODIAL CATEGORY,0202406,264,,
AZ,LLAZP01000,HASSAYAMPA FO,06021,MINNEHAHA CREEK,Y,,345,,,CUSTODIAL CATEGORY,0202621,60,,
AZ,LLAZP01000,HASSAYAMPA FO,06026,CHAMPIE,Y,,"7,238",,,CUSTODIAL CATEGORY,0202626,"1,100",,
AZ,LLAZP01000,HASSAYAMPA FO,06027,YARBER WASH,Y,,846,,,CUSTODIAL CATEGORY,0202627,156,,
AZ,LLAZP01000,HASSAYAMPA FO,06035,HASSAYAMPA RIVER,Y,,40,,,CUSTODIAL CATEGORY,0202636,12,,
AZ,LLAZP01000,HASSAYAMPA FO,06046,HACKBERRY MINE,Y,,65,,,CUSTODIAL CATEGORY,0202647,12,,
AZ,LLAZP01000,HASSAYAMPA FO,06048,TEXAS GULCH,Y,,276,,,CUSTODIAL CATEGORY,0202649,48,,
AZ,LLAZP01000,HASSAYAMPA FO,06056,WEST WING MOUNTAIN,Y,,"1,101",,,CUSTODIAL CATEGORY,0202657,,0,
AZ,LLAZP01000,HASSAYAMPA FO,06057,HACKBERRY GULCH,Y,,360,,,CUSTODIAL CATEGORY,0202214,60,,
AZ,LLAZP01000,HASSAYAMPA FO,06065,CHAPARRAL GULCH,Y,,"2,145",,,CUSTODIAL CATEGORY,0200068,408,,
AZ,LLAZP01000,HASSAYAMPA FO,06066,BIG REBEL MINE,Y,,226,,,CUSTODIAL CATEGORY,0202667,36,,
AZ,LLAZP01000,HASSAYAMPA FO,06094,DEWEY,Y,,"1,115",AMP IMPLEMENTED,04/26/1985,CUSTODIAL CATEGORY,0201215,180,,
AZ,LLAZP01000,HASSAYAMPA FO,06095,BO NINE,Y,,"18,350",AMP IMPLEMENTED,06/16/1975,CUSTODIAL CATEGORY,0202696,948,,
AZ,LLAZP01000,HASSAYAMPA FO,06103,ELEVEN L,Y,,"18,172",AMP IMPLEMENTED,05/23/1975,IMPROVE CATEGORY,0202704,"1,962",,
AZ,LLAZP01000,HASSAYAMPA FO,06104,VX RANCH,Y,,"9,091",,,CUSTODIAL CATEGORY,0202705,680,,
AZ,LLAZP01000,HASSAYAMPA FO,06109,LOCKETT,Y,,742,,,CUSTODIAL CATEGORY,,,,
AZ,LLAZP01000,HASSAYAMPA FO,06122,BLACK CANYON,Y,,700,,,CUSTODIAL CATEGORY,0202723,95,,
AZ,LLAZP01000,HASSAYAMPA FO,06128,TEE,Y,,"12,704",,,CUSTODIAL CATEGORY,0200128,"1,728",,
AZ,LLAZP01000,HASSAYAMPA FO,06135,POLAND JUNCTION,Y,,"1,578",,,CUSTODIAL CATEGORY,0201657,276,,
AZ,LLAZP01000,HASSAYAMPA FO,06139,COPPER MOUNTAIN,Y,,"1,455",,,CUSTODIAL CATEGORY,0202740,216,,
AZ,LLAZP01000,HASSAYAMPA FO,06142,THREE CANYON,Y,,"1,622",,,CUSTODIAL CATEGORY,0202743,252,,
AZ,LLAZP01000,HASSAYAMPA FO,06143,BIG BUG CREEK,Y,,824,,,CUSTODIAL CATEGORY,0202744,108,,
AZ,LLAZP01000,HASSAYAMPA FO,06147,WAGONER,Y,,120,,,CUSTODIAL CATEGORY,0202364,12,,
AZ,LLAZP01000,HASSAYAMPA FO,06150,BUCKHORN CREEK,Y,,640,,,CUSTODIAL CATEGORY,0201244,72,,
AZ,LLAZP01000,HASSAYAMPA FO,06161,BUMBLE BEE,Y,,"31,565",,,IMPROVE CATEGORY,0202762,"2,640",0,
AZ,LLAZP01000,HASSAYAMPA FO,06181,HUMBOLDT,Y,,110,,,CUSTODIAL CATEGORY,0202782,24,,
AZ,LLAZP01000,HASSAYAMPA FO,06185,BEARDSLEY CANAL,Y,,380,,,CUSTODIAL CATEGORY,,,,
AZ,LLAZP01000,HASSAYAMPA FO,06201,GALENA GULCH,Y,,"2,279",,,CUSTODIAL CATEGORY,0202802,432,,
AZ,LLAZP01000,HASSAYAMPA FO,06206,CASTLE HOT SPRINGS,Y,,"1,035",,,CUSTODIAL CATEGORY,0202807,60,0,
AZ,LLAZP01000,HASSAYAMPA FO,06213,OSBORNE SPRING WASH,Y,,350,,,CUSTODIAL CATEGORY,0202822,60,,
AZ,LLAZP01000,HASSAYAMPA FO,06215,BOULDER CREEK,Y,,"29,820",,,CUSTODIAL CATEGORY,0202366,"5,040",,
AZ,LLAZP01000,HASSAYAMPA FO,06219,ROCK SPRINGS,Y,,"1,325",,,CUSTODIAL CATEGORY,0201760,96,,
AZ,LLAZP01000,HASSAYAMPA FO,06222,J V BAR,Y,,"15,741",,,CUSTODIAL CATEGORY,0200034,"1,781",0,0
AZ,LLAZP01000,HASSAYAMPA FO,06223,HOZONI,Y,,"10,713",,,CUSTODIAL CATEGORY,0202824,"1,703",0,
AZ,LLAZP01000,HASSAYAMPA FO,06227,JESUS CANYON,Y,,"6,345",AMP IMPLEMENTED,11/30/1988,CUSTODIAL CATEGORY,0202828,"1,068",,
AZ,LLAZP01000,HASSAYAMPA FO,06229,GREEN GULCH,Y,,92,,,CUSTODIAL CATEGORY,0201930,12,0,0
AZ,LLAZP01000,HASSAYAMPA FO,06238,ANTELOPE CREEK,Y,,"2,098",,,CUSTODIAL CATEGORY,0201970,600,0,
AZ,LLAZP01000,HASSAYAMPA FO,06239,U CROSS,Y,,"9,518",,,MAINTAIN CATEGORY,0200100,"1,667",,
AZ,LLAZP01000,HASSAYAMPA FO,06243,BUCKHORN,Y,,"6,789",,,CUSTODIAL CATEGORY,0202729,924,,
AZ,LLAZP01000,HASSAYAMPA FO,06245,HUMBUG,Y,,"1,344",,,CUSTODIAL CATEGORY,0202705,101,,
AZ,LLAZP01000,HASSAYAMPA FO,06246,COTTONWOOD CREEK,Y,,960,,,CUSTODIAL CATEGORY,,,,
AZ,LLAZP02000,LOWER SONORAN FO,00106,COYOTE FLAT #2,Y,,"20,381",,,CUSTODIAL CATEGORY,0200048,361,0,
AZ,LLAZP02000,LOWER SONORAN FO,00118,STOUT,Y,,"5,962",,,CUSTODIAL CATEGORY,0200095,,0,
AZ,LLAZP02000,LOWER SONORAN FO,03002,A LAZY T,Y,,"4,827",,,CUSTODIAL CATEGORY,0202286,,0,0
AZ,LLAZP02000,LOWER SONORAN FO,03003,AMAVISCA,Y,,"23,359",,,CUSTODIAL CATEGORY,0202303,,0,
AZ,LLAZP02000,LOWER SONORAN FO,03005,ARTEX,Y,,"79,373",,,CUSTODIAL CATEGORY,0202198,,0,0
AZ,LLAZP02000,LOWER SONORAN FO,03013,CAMERON,Y,,"58,275",,,IMPROVE CATEGORY,0202313,684,0,
AZ,LLAZP02000,LOWER SONORAN FO,03016,CHILDS,Y,,"98,806",,,MAINTAIN CATEGORY,0202316,"3,802",0,
AZ,LLAZP02000,LOWER SONORAN FO,03017,CLEM,Y,,"78,992",,,CUSTODIAL CATEGORY,0202269,535,0,0
AZ,LLAZP02000,LOWER SONORAN FO,03017,CLEM,Y,,"78,992",,,CUSTODIAL CATEGORY,0202416,"1,085",0,
AZ,LLAZP02000,LOWER SONORAN FO,03017,CLEM,Y,,"78,992",,,CUSTODIAL CATEGORY,0202482,"3,216",0,0
AZ,LLAZP02000,LOWER SONORAN FO,03024,DENDORA VALLEY,Y,,"26,291",,,CUSTODIAL CATEGORY,0201478,,0,
AZ,LLAZP02000,LOWER SONORAN FO,03032,GABLE-MING,Y,,"121,421",,,CUSTODIAL CATEGORY,0202332,"4,200",,
AZ,LLAZP02000,LOWER SONORAN FO,03033,GABLE-PETERSON,Y,,281,,,CUSTODIAL CATEGORY,0202333,,0,
AZ,LLAZP02000,LOWER SONORAN FO,03035,GILA BEND INDIANS,Y,,"26,939",,,CUSTODIAL CATEGORY,0202335,903,,
AZ,LLAZP02000,LOWER SONORAN FO,03036,GILA RIVER COMMUNITY,Y,,"39,023",,,CUSTODIAL CATEGORY,0201242,,0,
AZ,LLAZP02000,LOWER SONORAN FO,03036,GILA RIVER COMMUNITY,Y,,"39,023",,,CUSTODIAL CATEGORY,0202338,,0,
AZ,LLAZP02000,LOWER SONORAN FO,03037,GILLESPIE,Y,,"20,492",,,CUSTODIAL CATEGORY,0200142,,0,0
AZ,LLAZP02000,LOWER SONORAN FO,03039,HANSEN,Y,,"18,968",,,CUSTODIAL CATEGORY,0200880,917,0,
AZ,LLAZP02000,LOWER SONORAN FO,03043,HAZEN-SHEPARD,Y,,"23,129",,,CUSTODIAL CATEGORY,0202347,,0,
AZ,LLAZP02000,LOWER SONORAN FO,03044,JAGOW-KREAGER,Y,,"13,175",,,CUSTODIAL CATEGORY,0200898,,0,0
AZ,LLAZP02000,LOWER SONORAN FO,03044,JAGOW-KREAGER,Y,,"13,175",,,CUSTODIAL CATEGORY,0201335,,0,
AZ,LLAZP02000,LOWER SONORAN FO,03046,KIRIAN,Y,,"17,094",,,CUSTODIAL CATEGORY,0201240,387,0,0
AZ,LLAZP02000,LOWER SONORAN FO,03049,LAYTON,Y,,"5,781",,,CUSTODIAL CATEGORY,0200897,,0,0
AZ,LLAZP02000,LOWER SONORAN FO,03054,MARIANI,Y,,"8,092",,,CUSTODIAL CATEGORY,0200026,,0,
AZ,LLAZP02000,LOWER SONORAN FO,03062,PAINTED ROCK,Y,,297,,,CUSTODIAL CATEGORY,0202373,,0,
AZ,LLAZP02000,LOWER SONORAN FO,03068,POWERS BUTTE,Y,,"11,646",,,CUSTODIAL CATEGORY,0202379,,0,
AZ,LLAZP02000,LOWER SONORAN FO,03072,SADDLE MOUNTAIN,Y,,"9,830",,,CUSTODIAL CATEGORY,0202251,553,0,
AZ,LLAZP02000,LOWER SONORAN FO,03076,SENTINEL,Y,,"18,564",,,MAINTAIN CATEGORY,0202252,353,0,
AZ,LLAZP02000,LOWER SONORAN FO,03077,SEVEY,Y,,"1,651",,,CUSTODIAL CATEGORY,0202391,,0,
AZ,LLAZP02000,LOWER SONORAN FO,03086,WARD,Y,,"34,892",,,CUSTODIAL CATEGORY,0202401,"1,476",,
AZ,LLAZP02000,LOWER SONORAN FO,03092,WILSON,Y,,85,,,CUSTODIAL CATEGORY,,,,
AZ,LLAZP02000,LOWER SONORAN FO,06014,LOST GULCH,Y,,"2,434",,,CUSTODIAL CATEGORY,0201980,324,,
AZ,LLAZP02000,LOWER SONORAN FO,06041,WALKER BUTTE,Y,,994,,,CUSTODIAL CATEGORY,0202448,,0,0
AZ,LLAZP02000,LOWER SONORAN FO,06050,BUCKEYE MOUNTAIN,Y,,889,,,CUSTODIAL CATEGORY,0202651,48,0,
AZ,LLAZP02000,LOWER SONORAN FO,06053,FLORENCE JUNCTION,Y,,63,,,CUSTODIAL CATEGORY,0202654,24,0,0
AZ,LLAZP02000,LOWER SONORAN FO,06080,BUZZARDS ROOST,Y,,498,,,CUSTODIAL CATEGORY,0202681,48,,
AZ,LLAZP02000,LOWER SONORAN FO,06082,RESCUE CANYON,Y,,"1,563",,,CUSTODIAL CATEGORY,0202683,300,,
AZ,LLAZP02000,LOWER SONORAN FO,06097,ARKANSAS GULCH,Y,,376,,,CUSTODIAL CATEGORY,0202698,36,,
AZ,LLAZP02000,LOWER SONORAN FO,06173,QUEEN VALLEY,Y,,186,,,CUSTODIAL CATEGORY,0200047,,,
AZ,LLAZP02000,LOWER SONORAN FO,06174,PALO VERDE MOUNTAINS,Y,,"4,387",,,CUSTODIAL CATEGORY,0200994,,0,
AZ,LLAZP02000,LOWER SONORAN FO,06226,SMELTER CANYON,Y,,255,,,CUSTODIAL CATEGORY,0202827,12,0,
AZ,LLAZP02000,LOWER SONORAN FO,06248,NORTH STAR,Y,,160,,,CUSTODIAL CATEGORY,0202846,,0,
AZ,LLAZP03000,AGUA FRIA NATIONAL MONUMENT,00048,2Y,Y,,862,,,MAINTAIN CATEGORY,0200007,216,,
AZ,LLAZP03000,AGUA FRIA NATIONAL MONUMENT,06005,CORDES,Y,,"12,451",AMP IMPLEMENTED,01/11/2002,IMPROVE CATEGORY,0201224,936,,
AZ,LLAZP03000,AGUA FRIA NATIONAL MONUMENT,06005,CORDES,Y,,"12,451",AMP IMPLEMENTED,01/11/2002,IMPROVE CATEGORY,0202605,731,0,0
AZ,LLAZP03000,AGUA FRIA NATIONAL MONUMENT,06012,BLUEBELL,Y,,371,,,CUSTODIAL CATEGORY,0202612,72,,
AZ,LLAZP03000,AGUA FRIA NATIONAL MONUMENT,06013,CROSS Y,Y,,"18,096",,,IMPROVE CATEGORY,0202613,"2,790",,
AZ,LLAZP03000,AGUA FRIA NATIONAL MONUMENT,06045,EZ RANCH,Y,,"4,491",,,IMPROVE CATEGORY,0202646,972,,
AZ,LLAZP03000,AGUA FRIA NATIONAL MONUMENT,06063,BOX BAR,Y,,"10,356",,,IMPROVE CATEGORY,0202664,"2,447",0,0
AZ,LLAZP03000,AGUA FRIA NATIONAL MONUMENT,06145,COSANTI RANCH,Y,,234,,,CUSTODIAL CATEGORY,0202764,48,,
AZ,LLAZP03000,AGUA FRIA NATIONAL MONUMENT,06169,SYCAMORE,Y,,"2,801",,,IMPROVE CATEGORY,0202770,696,,
AZ,LLAZP03000,AGUA FRIA NATIONAL MONUMENT,06182,BADGER SPRING WASH,Y,,40,,,CUSTODIAL CATEGORY,0202783,12,,
AZ,LLAZP03000,AGUA FRIA NATIONAL MONUMENT,06235,HORSESHOE,Y,,"29,851",AMP IMPLEMENTED,03/17/1998,IMPROVE CATEGORY,0202119,"4,572",,
AZ,LLAZP04000,SONORAN DESERT NATIONAL MONUMENT,03004,ARNOLD,Y,,"23,290",,,CUSTODIAL CATEGORY,0202266,0,0,
AZ,LLAZP04000,SONORAN DESERT NATIONAL MONUMENT,03007,BELOAT,Y,,"103,508",,,MAINTAIN CATEGORY,0201961,"2,988",0,
AZ,LLAZP04000,SONORAN DESERT NATIONAL MONUMENT,03009,BIG HORN,Y,,"151,077",,,MAINTAIN CATEGORY,0201107,"6,104",0,0
AZ,LLAZP04000,SONORAN DESERT NATIONAL MONUMENT,03018,CONLEY,Y,,"90,946",,,CUSTODIAL CATEGORY,0200040,"4,158",0,
AZ,LLAZP04000,SONORAN DESERT NATIONAL MONUMENT,03042,HAZEN,Y,,"42,484",,,MAINTAIN CATEGORY,0202346,"1,181",0,
AZ,LLAZP04000,SONORAN DESERT NATIONAL MONUMENT,03053,LOWER VEKOL,Y,,"21,892",,,CUSTODIAL CATEGORY,0201241,"1,164",0,
AZ,LLAZP04000,SONORAN DESERT NATIONAL MONUMENT,03080,SOUTH VEKOL,N,CLOSED - NLCS PROC,"49,349",,,UNCLASSIFIED,,,,
AZ,LLAZP04000,SONORAN DESERT NATIONAL MONUMENT,03083,TABLE TOP,Y,,"36,420",,,MAINTAIN CATEGORY,0201597,"1,710",,
AZ,LLAZP04000,SONORAN DESERT NATIONAL MONUMENT,03083,TABLE TOP,Y,,"36,420",,,MAINTAIN CATEGORY,0202398,480,,
AZ,LLAZP04000,SONORAN DESERT NATIONAL MONUMENT,03085,VEKOL,N,CLOSED - NLCS PROC,"20,848",,,UNCLASSIFIED,,,,
AZ,LLAZP04000,SONORAN DESERT NATIONAL MONUMENT,05055,SANTA ROSA,Y,,"3,200",,,CUSTODIAL CATEGORY,0201591,,0,